wallets,essence
neutron14kqr9fjjzl24gwfndf05wkelncm76ynkly46al,171452331000
neutron1kjgx4cd25z92kdneuzz2e0dv69xfc53c7rwkch,95700819677
neutron1v63q6ckkym7znwmey36gzc0tzzrapckm9jcfgd,89900681467
neutron1vnddmxk06c3usp3sfdjcnuzphca4enaazwrjdx,83409327257
neutron1e50uelu4p9vl8jd9l57fws5w8tn8pvy4z3h25h,80873658072
neutron1frpx4aexngym94qukv0c5p8sd09n443mn2mlam,80517603441
neutron1ch54jt2svwvsgpa8lty07t299560pgpyfjgpy6,80408318356
neutron15dgmnmklp5yqr6jhav4zm7g6dh8s7jajv73uac,80359706549
neutron1psq4t9k68fk3g98nzge6qtj23ys5l2zdpv0cpc,80288886786
neutron1elm3ta5lppmsx73dydggqk47s0w6nj3cvfa8ck,80240392810
neutron1q054av90aw45cfxxqz9lu0e9xq0wkrf3gqaetq,80184802318
neutron1s58qyk9483xwqm20aanfp4u00wwp6rwhdvspjs,80103089976
neutron19qc25l2nwztml9nvhqpg7y55420uvg59qr2hst,80050602970
neutron1j35av4g9tt05x47akxlv6e8gfz4lafpyu5c7qj,80014984600
neutron13gjhk3pmmusvdrsgqwdc74fcafdmvex0m3yka4,80009400901
neutron1lh8zfk0w4kadq4xdmaa8c457yw3uw3c4gccke0,80002901055
neutron14lml4lkwuhwa42fjyhdfpkny5vh0edazw6d4kj,80001911392
neutron10905rstxf5tzj0w6gguaa76ma7s32v48mhglpz,80000000000
neutron1vjrx0lks65yefnsz4xk92vugda2z25esqyaxmx,80000000000
neutron1zj44mywg86zc3c7h7sk3luv0zldzhad3mcnxaf,80000000000
neutron19ffznspa5fakfna39p6m206p7pnxdegjjq4sjq,47086947014
neutron1xuh6dtx8yudfhygw862z7qqunxqquzr98r6c07,45859736092
neutron1ww52c5ql875wk9a7ds8fys7vcrwhz45ad90j0y,45367183140
neutron146vx3pap5ds44hjhh30eckgyls0jp2awm86rsk,42394476025
neutron1m2zust002dlygnnp4jlzcz9jum60hawnh7a5wy,40965170000
neutron19z8k6g0a8835uwlzs0zy42vd3x4znlvqa3jefe,40184490445
neutron17y4vae28x0vgx6ysenrj76g69x60z68zahlvus,40171929776
neutron1ttf8qx352xja6wsrwpsvqxvjdx49wlwegu9zna,40142472559
neutron1kek79tt344gwp0v6yjvyy6krdfpv54h5e6vgg7,40099140109
neutron1xp9r5raka7n7hjnx4vxqxtrnw5h7tf0xwmdmcm,40063424708
neutron1h3jcktdfntj506mxe4q2lvgep24gnesduysa0p,40010000000
neutron1sgruw6g5d5vdrlvrkg537uhylz3fdjruvhwk0h,40007440090
neutron18u5n3augn6q8z7wyu8mv97y6a6su7v3urn0qpf,40006445374
neutron1sljjz99j9ath2s3j0wsy5sut34lmyz3p050dhv,40005000000
neutron1safwfsl4g5vq4ksgj3uvm3gj3gfptany0dhfav,40002856703
neutron132h9fuaf4c6gldhst0nqkgax9sf56f62kpju04,40001000000
neutron1dhhr5lgf3zfvdl4zutqdecxxw934cmandn9sv3,40000514053
neutron14ztkgv7javhlxw0lehlema8vkp2ylg76t9ul72,30250119935
neutron1cnzcqss00dv09kpwqmuxkqssevr7u77j75gyhd,30173778477
neutron1ygd5qqqghcq5c60v7qnul6sqfcygxwzgt2upev,30012394818
neutron1ten9m0wtj5t3vlugd9297mej0fmfdx7aadlnh9,29675552054
neutron1zfdlm8828r29qf2995lzgnggnhk2cjhynkj2v3,29197367559
neutron18kj4u57pvf80lf9vq6tgzle6f98u0gh0wlqg48,25980031768
neutron1ma283m5aw5g9hec4ucfsy08qze6uj2ff80sd45,24999995885
neutron1665clynlseyqr6htrqac5hfw9evj4ta5tmhvdd,24327950340
neutron1h7rr5gv5qqexxnshqz28w0pe6qs5zrz4v2wtn5,23117893150
neutron1l0q6w9gemqhaml8e2s9ptw4su4svweax7k9g7a,22465874366
neutron1hyw4gayhnya4fk52c63uj8e00un5uqng8605f5,22405239343
neutron13c4a9y2j36mqujf2jkcgrw63ekly5r0rnrk9yv,22323240789
neutron100umj0vh33m70jygraewjyp8w7lyt30ny29k4h,21913897754
neutron1wcp4qf98ykkjs5jf6xg7hvja4tr4wz9c2pjqg9,21902063092
neutron1pzlrq0dsvfjyv8lgnf65x2skq9sn90ypxyr2h8,21882361094
neutron1f6g3f0yj9c5fhtca4c868jw2wzmml2ttdcndeq,21575747043
neutron10ver7t24cfl0tfnud782xr9q774qeup022empn,21523999333
neutron1djucqkzerjgmwd6gugalcrw3swle74qexs84pw,21311753450
neutron1gy6gm55u7s7lv8sxat9vre6sxd64a56q9tffqv,21201320000
neutron1ykrauzt4924aun878s7wnmzssnlnzw0753clrz,21199051431
neutron14pscluldnwa5ae4fu8fpm5n84ae4y0appxz8lk,21192199192
neutron1j39ucrxzgc5z8suqydhdkqc3d3ugflguxcuyyl,21027378790
neutron1dv6820jc57kcz44njlsawwfjz0fyxsrw7a6xwx,20992757335
neutron184addyw3fk0g3ngkn73tmruxl7zjrrdu228ewh,20810353524
neutron14a2hh6dp6xz5na6xkegu58ny37hpm2j7ntssvs,20772074459
neutron1vpwsfc0gxc94xkylkq3dttxjuak2uejztx9l9x,20772009245
neutron16azale8wp99pyt89k4ntcxzywxavr5zazz5gcj,20745849903
neutron156hdf4tjqfst4xe97a2s76wmttlw7976lrt5qe,20723314510
neutron1clq2rhnsrfpzgxm5ypnzjjpkp7m038zhzkpyvs,20710000000
neutron1udnqzj44n7fk992ra78xe7rk6vpxq4w3yde63d,20696744000
neutron1qnm7vjlp06set0r9dxmlxlssz4l7l9qm89m0ml,20678771899
neutron1a23t6gql6anung5h2udaqvgmz4lygasl5gwdrp,20616499931
neutron1yvtquxuap0hk8f0j6xqg0rzfhkfnhygqemu6y8,20594040000
neutron10ychalcme9c6ye8zs2rlet4ks52plskg8fuv68,20527106671
neutron14zs7pzxhpf5avg7m9qvfmw9pl5quykjtjx4y2v,20484149000
neutron1yxqajr79ldggu5w9tvd0tk8z5ux5qkn70fst67,20451560367
neutron19kdlmat6g8l2h78lz9xky8p26nrwfvttzthchw,20448630136
neutron163ch345rmuy2p3g24fnk7h2cfvrek45wc6whdm,20444780146
neutron1jv5t4hu4ctyn3xmwcepamw9g5cu0rj9dr0vwth,20411017333
neutron1pr3cqq7ut2pmmp0ael4g9sevc0zpc79knaxs6l,20376287107
neutron1pcqx9p7scq4hrr7tjrlu66mt7xrm7dpesfn939,20375603564
neutron1j7hmezk5zr0wfjudwxfq4wsg0jvaevymqz462z,20357070270
neutron1xrrfdlh2tattd4rq8uz5s6d58rxz4xy8lm2cqp,20331319693
neutron1ndyap37dqe78h24wktrz89rd986kc0qwhvr4d3,20298734896
neutron15c2zj9yls8a97glng383aack32w35n0zdwt4gc,20296008801
neutron1zqrqf4ve7hk9a47jglzntzz86hnv00xm8p843d,20258482825
neutron1vzdhtajumxnek93gnn3k8j0sjnda9d0twww894,20239722371
neutron1dwfj4zmazd23wku4jcxxpvgt8986kclcuak8qa,20237107952
neutron166ws4yhc3j3azeszkavgy8jnl4s9untmrm6nrp,20232115716
neutron1m9swj0gxctfv90assf8n9yemluhxr6harsmz6w,20200826659
neutron1kxd6ssuf5d5thcjkdrds8gt6cuzf8zlqxax4gz,20194300744
neutron10vjxcepr4nl3dufu6tp8n8zvdr9a7kc678fugr,20192651592
neutron16tl6hdnzqpflhsf36k8ucnva67t5208w5dqsad,20184439262
neutron1yzgdv4dy7htjdgjrjclwjpkehpk0pm5797tqa6,20176127541
neutron1yq3fdexg08e48x8whc5fqjtklk307kr0eh3530,20176000000
neutron1ucqeuhwz795qauwl6zq0qqa3tledd6awc3qxw9,20164490300
neutron1fsppgqf8edycj7fxy5gcj36u9ptewmkwtghf7k,20153239196
neutron13rqma3gjkzq69t6lerxknzu00efsg0d4ygm9w7,20152771600
neutron1n9aynpjnt7gkarp2qzaqu9sx23sdlz9z9guujn,20145155868
neutron1j2naql8am92dve6pe64dn3kr00tlv53ypvetxw,20142060000
neutron133fahlxkpgf8a5secfxqxgamc96v4tmjmptk69,20131609125
neutron12r635xuejr66kqfxh4pvlp8fmla7hug246upe6,20104639815
neutron1xd8wvveqxsjdy7g5778g2fzfsal0kly7ch2at3,20100414988
neutron1cr4vdkxqtrdwastwuspkwttxkr2n7w2ayhnvmf,20070661000
neutron16q2fnneagjasmm6t6559rvh5kl6r75t820s228,20068715900
neutron1yj3uxuzx9w9f0a6s2l22crg2xk5emhrqet7gzq,20066706371
neutron1mlcyjdqzwly4xcgmzgmmcfug6e7ztvy3cethdh,20056059204
neutron18y7rqajnsepdqqg0m9aenn5uc9e5rnt72a7cw2,20053994328
neutron1cnslq92vn3urcd5rmqq6n7s20d2fgjnnuqv87d,20053891793
neutron1zhn9zq825jejqg0dnul9lvjchpkvh23zvn3cqt,20051237356
neutron1y8vz6ywrvss8upaeqc6u6050ewkqamzs39mq44,20050710000
neutron17hrxu2cncnnggchxcj3nq66tg4qy8snm4xeggf,20050547682
neutron1z3r7tl734dy2v6wyrrpaeaf7nqg7x0wajfgj80,20048999683
neutron1c7mxu29k4exwarrk23qd824602c0pkfmnszhs5,20047127638
neutron1d6ec9gugdkwyqesyrgcceez44e6kvxv272fuc0,20046073402
neutron1k0rx8sjxdj3d8pwj4hhdjmyx9mgpxjnjr5rlgl,20039021319
neutron10dd59s5j0ylt032lyuvlq0gnvkxwyh0wlh2qhm,20036586024
neutron1etnxesu5fm6353ruz9nuhe6hhr47fz5gst0ng6,20035541220
neutron1k9jjw836flkzzrzxylygxrmp3zafu6e5rvfc7r,20031466971
neutron1flt9rg7ldn3c8x6h89328d5qv5usc5fmx3407a,20030000000
neutron1qkfkhjgtdr50aa03pa8yjp2jsry3mz37n9yay9,20029355601
neutron1fv9yjdpe9cta04wy8fu0v9q96eez2xd5py32mv,20027288066
neutron1h45mtwjuxjf47q0esfwr9hxttjq8aezyl4r34q,20026988200
neutron13kp0ruaud0gffm5kkxkrzm8ruhggpumldrut95,20025039499
neutron1fuyjsqcdq83xmdvaj9jppqqyhct425rvcctcqx,20024251055
neutron1cak2jd2vaf5cyxvv5zzu0qz54hvl6370ylphyz,20020656010
neutron16g2n8zqv5na65y075987fxl3umusrmgh6pta97,20020238423
neutron1rg29cmtrqaj8ggzt54allfugz9luum2qv6k88v,20020121840
neutron1zrm9t7dwtkgnphvy6x2qmrss0sm20nww59q07r,20016977640
neutron1sv709mweq982sglapnr8et7aje9e5akss7e0lr,20013984477
neutron15nh978u24xmudpsugrh2mcam4dln0q7kjwt3rp,20013677884
neutron1uxtdj22yjsasxzmsfglvcz9xlq27ltryyktsff,20013379783
neutron1y0uexhl0f67mgu3dk6hv8pr873wdu8z2gjqypc,20012725151
neutron1p0utp0262e6u25eehza3jylzz4kc6357zehpau,20012106400
neutron1rht2cn9tgxkzac5w873x62qra0lflq8tzlu3cs,20012009188
neutron1vp9zn7q29nsm7mufgsuudezxkz5uuhjet8z7aw,20011777416
neutron1wnp9qf9z8chysrreaftfsxz7k6m4g3jyk7v2fr,20008726893
neutron1dm60ymx26mg2sppvv8898cgw26zmkwcwyrsdmx,20008191057
neutron1ers7puzsfqt6yfqv4pdfusjd8ualcxa2w9ahm0,20007734582
neutron1as0fl6v2cyc67tljj5xqxtrzq2tc9phps7ujhv,20007590000
neutron150g0nladsn98sqjp0mplca7f8842pcvkqx0n33,20007382000
neutron1c36py3de66vmdx6ss98rxwzzpw43m3f8epe6dj,20007040894
neutron127ynl8ey3nc6lycxgccadv80t7epp42zcn7hls,20006410081
neutron1xwm26sgjh66hjsq8c9py6wucl5re6mdzll7w02,20005528423
neutron1au52m9zq94w4tgqf05653c6dlyt35cuk3zjk6e,20005518808
neutron1ewsjjj45mpznlca625xjlecpfszze73ugnpryv,20004800000
neutron1p2z2uk6l2emnwnxl5v5kmcku0jllsa34vd95ql,20004050000
neutron17ntvfh7hg6gvg6w5p7ky3ttzgryyvmn472xhkt,20004000000
neutron13zt396unfj5xl4a4dpc79phujfgzzvsdeayvwj,20003922250
neutron15k74vztcjlyudp536xjjq5ghwqwn86ggpy3e26,20003744316
neutron1f7nymumayd0uzrywd3mzp6s536z5hqgvsvasgr,20002350800
neutron1rkmuquadqlnydpdctz9tvnjcys3k23ym97v3vu,20002071350
neutron1q7fdnarp6ykk9ngmxuz0x08e0fc0ru80s9vgdf,20002000000
neutron1r06wex7ng0asmdqdn60zrfuwth2qm7p68t5jhm,20001878171
neutron1palqqtx0ekractwyuv6xysxll2fw22rdz6egcj,20001365800
neutron132xn2fssvl3l86f8hj3n9tx8swquxxy287kk8h,20001000000
neutron1365qsae24nh764hd23fnqkwsjjrfhcdrjnzefq,20001000000
neutron167ff87c8alccu4jm5r07ttd8jj4whjl4dkrvs9,20001000000
neutron1annsxcsld0aq72cmac0eg3k8yqvex3qfg90r64,20001000000
neutron1r3zchmfc50jhag2lp90h2ge26htjfm3yhswghq,20001000000
neutron1rxw8wng2cn0hkvq3yjc7nrgc7rfdffjafuq0vs,20000714509
neutron1uyperw5xy87453yytqmxtfum7tu8wv7pek0wpy,20000600000
neutron1mgvmt3lack09krxve7yuxq2waxskx3sejxqknp,20000570345
neutron120q3ktp607xxskcpts70nrtg7cdf0q6c3057pl,20000506379
neutron1djjzf28ds5xa69dkyg0muu8emgpf4tnfpq56zx,20000476836
neutron150hshwde0hc907yhr9dxsxcm4yhgvk4c860xfw,20000410000
neutron1qdjkul99lspylhlhdusgsxzmn3cznj2cquzszx,20000355475
neutron16yqm35za9mxw8crfpsxhwruewwff56qnhzu3ea,20000236889
neutron1tp7p3a3reyd57xsdqv8le59nxe5ftrp62n4q6v,20000196546
neutron19ayd980432tfya4rwv24gu6skzagv7rk3spwqe,20000157161
neutron163tw3zlmvdj0qj7as20rfwjkquv3l8650cxl0e,20000100000
neutron1tlyhsgfvdnwjz8fccs5z4twhqm09y926mjv2yw,20000097043
neutron1slsfj9uae8s0e2rr3ezq8yfy79z94522g52ulw,20000095089
neutron1qxhmaqrzsw9akzsd02hyq2dlnujm3mxe980tgv,20000025516
neutron1ez4ev32pznjc6lp7yakdc7yj2quqhjrf3y9dhx,20000002266
neutron1estvx6e2fe49na58mn5yrmuxwxduyregp7j33d,20000000711
neutron144j3gyr37hg3jk548xy3yll9ludj5uxmhu5aqd,20000000000
neutron18tnusz5r6emg8uk2a988zq685a5gpfxummzr7m,20000000000
neutron19ytvscy6dajdt406nlhf27fsuyl3vzzr05h7dg,20000000000
neutron1cftgmj3vq0p0ss34ltgyklxz0gm06qtdk9mxxa,20000000000
neutron1ehqq56zqjfh4zq3q9fa50hgerhtm4pzyxdpwsa,20000000000
neutron1g2ghuclalh8x6twj8g7qgv0tjtdklkg58ysgr0,20000000000
neutron1gwa62c5sklpup3pltddf92p0d4u8rd7cf69t05,20000000000
neutron1ug2wxhprcp0ykqpxqs2l8g7p9jqa7q8hsfz4xs,20000000000
neutron1w4l5cwkp2g8yp4tcs9n8yglz86zkd2zwtt4jfx,20000000000
neutron1kxqtfk5gnuxcj0ur8c5aeprl3fywjzgsrwwxj0,18751000000
neutron1rscawk0hkmxf0qyrm4cejea27v52278a9nurvh,16950296607
neutron1awatn0j5dmyqudrdfzay4cmgcaq4hmtxvrrwp3,15093300934
neutron1agdsls7fgfvekzwg8zskdmq6wkrgpkgyhhhkyj,14176707497
neutron1mkdxcesc244gnhsn73ac0x2dd3ysh2j9wl80xu,13997212701
neutron105wg9gqx0amjvj38n90500ksfzea2c9l8dhs4f,13722611287
neutron1he3xvzq48mx9zpshclglh8v6z0z8zznk6jn6zz,13045457271
neutron14ksrk8vvczn8g7ng7mdvg7adsyj65qcz44l62p,12851288713
neutron1dp82cysvmlla0q7hrz43scaj8g8guptgpcjqsc,11506452328
neutron1ajpwaqh5v7vk0mj6pnfvty6xv4eqd0ux8ucgl5,11385320691
neutron1xsfet5nfk8uc8juprqpc608xt4t4lpnv54w3c8,11136654041
neutron15jptrn3kj6grkz9wj8mvkksqtfekxpsucmy4fy,10899601093
neutron1mzx0zs3twm09tfdwv77y0vnv3zzrx3r6q8k2rv,10816379348
neutron1hrhaepalf2pktwy4havp3duagxz6fpef50ua3v,10707115017
neutron176l7gfy3mmxyqxl3qsfc32nsxjgzejqrzkyrsn,10654651972
neutron1j8hptxa39av96pssm923n4fyqs5lv689tgwkzk,10586860503
neutron1map4uew7qdd2dfuvg5pp6g9t5q6jq3a5pjvc4x,10553660021
neutron1aekymfew5jwwg5a7uly33vtepzcfrnuc9lx832,10499184329
neutron13pq228090ww569emjgvnttajkmg4h6uyl5438u,10262430000
neutron1zwhw8przmd4vgmyyhltqthavjpz9l6zm8qrsu4,10230202344
neutron1j5ft99lyd36e5fyp8kh8ze7qcj00relmrlh86s,10019082191
neutron17mghzs8rctcvzncr09xk4nw39vtere65el6kp7,10008319987
neutron1gfwlua85ejd960k7celmw0aeqtzd29e6ynj7re,9300000000
neutron1nec6nhdt2e0exy6p304evkmckl3rzaf4rml77f,8946138274
neutron1emyj0hsfkexdzqp9fyhn4magykhvaxusq6kcc0,8883610493
neutron1wy8l2ldrdctxk7aeqnvmgs9w8t4e3rgve8rxtk,8576299999
neutron1hvmfw2xwahxdtax0cnra9c7syv6nxc3g8se0ad,8572126060
neutron1wsc3pl3kw28qmyqcts553wgv2knaurvy26ur4t,8458841095
neutron13krmrf564x9z3r2ljm35qvzvcre5wyux8xxe3t,8143186366
neutron1kqkvh042fnzuxur428vssf7z9cw08nmu9fu3rw,8009358761
neutron195x63zceqj9jylnp5luahe7lvh3fvukfh67ntm,7971389989
neutron1k2vckcer7ghc7dmp82vezxe3j909xrtuya7t44,7952555761
neutron1nugf64ael93e9ckpvxzfhmrsy87qtchq062064,7914714737
neutron1wpj28rj5y3n6tlmkzglup0s52jska5ta6lnf54,7824732165
neutron12pjgwmk672r98fhjrpxg9xz2j29vmu9rlplre0,7786163835
neutron1f7xpe7uzcf9sjapqvccupdl396yh3d05v4y57z,7740952809
neutron1jj3xudkz3n60j9paq66xzejtmwzvrmn8as99nv,7525246655
neutron13dkrsma06h4mg9m07lgvkg5spmhvjjtucm87jt,7431390097
neutron1wxyq96pl58c3gww289exarud0exghdnkuydh4k,7397696380
neutron1h5shnh6dnjtalh84cxl04taa2klvkz5fy7nq0t,7101125589
neutron1z7ml3yp2sqguptlehv2fmhexpjw8sqsvudvc22,6945192080
neutron1zjtt8rsm7rn3aksm2nysj3rfcau8g2dv222kl4,6564576748
neutron1g8nx234anzdnzvrzxmm90s6k3euh6cs62za7zp,6551884109
neutron1p47sk0r77ys02vnvveydhp54cewkwr8qj2k0qh,6545849236
neutron1gua75rqd7zfulwg95qhdzsdrd73an86dw5y398,6518847677
neutron1d39pedd920v2v900gamnpw3wxewxnw5284pzu2,6459332974
neutron1zj26y0vjz5gjwlap9gekat3e300ekckdlj2vcr,6427610000
neutron1l82zyjh4kr9s8m7k5xuvcfu52nr4tfemyn7clv,6358644600
neutron12lw4jhr2a9q60g92jkw5726zh6ndw0ag5chrj4,6338791262
neutron17tmj5sly5e9a6frevxmfv586qg6muq2aq38v9c,6320740300
neutron1aqr9jwwlr487w0rqqwznnky49xz4c2jp0l7ts7,6232480989
neutron12rpcux4nn3y4ywwymd8qhfsagq3qsqs92f42rt,6111346201
neutron1n2umy85vl8pu6zrjd8wdc9jufp5dcgdfjnxcu0,6033514559
neutron1fmlymtq0kznru87l3v0hshg5wqlcdp0449x2t9,6021579150
neutron18xw0x4al8td9yytymf7tsrpfhxct7ccuq2l82h,5996615309
neutron1rpr6pd5rhruhcrnwlp4lnkll46gjqg2mwds227,5901706616
neutron1qwsquxm0hwn3t4974jukahvn33ptqxlv75shwz,5821898957
neutron1ajdp67s34r2ev0287e880ued6j04t7xdumsg6g,5750245553
neutron1us9evsyz0v08965xy8nuy8fle3f2j52zy57dm8,5750062937
neutron1265ft802n6jnekcskvymr5tcnkawdzdf0yvmzl,5671548292
neutron1la6muzxqyqekzrz2wcpezp8jxtd8zhem0rcuuv,5626049498
neutron1qge7yt898l4xvt72rtlcrjn5pyyhe2q0gsezkk,5624000000
neutron18juyhclt4pxq458rf90pagxqwvcf63x8z3qca6,5584971338
neutron1gp02ml9phfe2ta9g30yq5wdkwd3skvg0uwz5v7,5578426709
neutron1s4tn5weevtzd7sqj3jen6wddedqwrv8un09fld,5548892847
neutron1z46x9kfmp64qqk7rxun6ll9peqapmswpmty74f,5548536986
neutron1cuklvlftnpgdd006jq88t479hg2c7jy6qwzqld,5548500000
neutron1n97xkl2dfwgu84y6ver5gr3wzj9ckx4argaa4d,5529300632
neutron152myal0z3e3tkzcaw96lxsku5xhcq0sd68t580,5525589049
neutron1e89eq4u5jzn07z6utlcyrr559jqe6avr7d8jgp,5519099605
neutron1qxmyxvqrpjsqjt4z30h2tx2knxlq5ynlxtj8vp,5507056903
neutron1s4pvektazr4wuh8s4cwrwgzat6ucp20u09hnc4,5500169318
neutron1ce2xfnhg2rp94y4s3ayp7asc5ru3xhnm0mlvut,5498126017
neutron13tph359un0relr9u60lrcppxdctfdpjgntjars,5485621900
neutron1m5pksjzrwvcnh57yzszzq7qa28slukp8y650tz,5475961636
neutron1rp5vgppcxqglqjwvhxp4ype5gfst28z9fetx9h,5461500000
neutron128n2ef3nuw4s8kutaky063khjdlarua8e6hc29,5443580200
neutron19l8su69gyj3cflfn3lgwfsc8l6anxcp8u9nnea,5442428982
neutron1nus4wuj0gtu5eft5m0p9tf0fqdnfzeryty8gct,5441741445
neutron1kn25v0w5sxnz6eqwwvvrvgvjtzgj7dvdnuy0ln,5423834324
neutron1dph4cdz8qjp73psfk9mg27cl58qge3l7u7xjw2,5408077071
neutron1ds45mkescqh7fgfq5dp8927h783h8lv00gzqqy,5408000000
neutron1ug30ue53uqpgyg8l4adws9yx3q6zuml03vgkpc,5366036611
neutron14awhh5ynu952r27nchgqeq4xx3lrnxeh7p8ad4,5349033000
neutron1nz3lk9u9yykyyshjcd0gk43epacy3qthpsae3k,5316037478
neutron17nelfnp8dymuqpft58pyfsdn9xu3q384t20xdt,5306219450
neutron1wt320l3pnhvaanv53ma0t9uzu7q60v4ew0uw5u,5294241018
neutron1cv7px96t2v2dsphzpeqs69v2mnyxuqzsm0faee,5290335731
neutron1c9j6zk96tpv9ucutpxgqx42tj9yw2ppgcjl8a5,5286879704
neutron14863q47afu69vjtq7jqj76rjy6adurrq47jlqf,5280078095
neutron1tea2nm3n9qkcydvu3pww6sqfsjxmu4c2ca3p88,5254797787
neutron1vdj82jn4ld603e6c6re89kzgy3fumgt30wdj4d,5242791940
neutron1zg6jxawps5ccuf0v7uxnk22sgrpacxgql9wnzl,5240671115
neutron1nranm7hys7ekskhhxgvs2rh8gr3yuu6dycw2e7,5233112446
neutron10pgvgc0ks3zl8l5723mve5zy8vfu2um9lfe4rc,5224439334
neutron18y6rct4zgy8yc5xr5rz7hu95e6mlpvhvrsphnv,5217706200
neutron1c5jtsgz93qcmpp52xzgnjxazd3jjxksq74fpwg,5215511049
neutron1qnpgl7mw3gzrf66ygueugj8d3vw6fz2qhxj8z8,5215325829
neutron1r5m978tlcuuuvmaw6xqdj2k2qpv5myxwxpssvt,5208071886
neutron15chzcma3xaz20lr5ed93y2rwvssk4k9xg9z9jx,5202555780
neutron12v290ykh9uq4xts9j40p9yguxm2pmakqn97ef5,5172915400
neutron17sgxgkvvntlv7squ9xufanwcwyc4zdhap9udft,5166502454
neutron1yspwf4smznckzxr3dn7s00phsda3v6nvd7vcsm,5162856013
neutron1y3re445gjcd896llpnaczvesyanmgve76l2qma,5153477534
neutron15mk5l9w02fwxrd8y7xtes7la7vh9ve3amgs278,5149150538
neutron1rcf528z0xgch76xtw8t4ummymz8v3pkun8a73r,5147561875
neutron19snux2586fryvum24km9a6hljn230yz96hjw5g,5141488771
neutron17dupqn32q5gtvk47e7sw65nt2d8pk9m46ffhfc,5113006000
neutron1afjhtdmcds3hyu340fnswx68ur2ryz38e2vg4u,5112845274
neutron1y92sdenfa0xn7pqvpsydhcf2mhuufedfelhzh9,5109541164
neutron16gjlhxmlf8xuwjv7kt0aewqhf9uqcne9g23r4f,5105260780
neutron1wjdhhe2ez3zarpqyn0xdwltmge89v2t3vlaat3,5102512241
neutron1zhcxx9t67q5jh6tvah0xzp6scyry3ype8tc707,5100000000
neutron1rzekt267yvlu5m7su50uk665fzvmpzjtl8a5w6,5097001469
neutron1hd5muuqvv545xpj7fv5yxc22ce53lchyexzamj,5090057783
neutron1qmaf5az9htfgruwj4rvptvueddzdzf3tr7gya5,5090027321
neutron16z45d03fynuz4vulnsd3u2wmkvukhudy9uw9xj,5087735000
neutron1mps9fertlaezrcz24gf9xzl9jwzc2ym6fw83sv,5087335969
neutron1ut9zc2g2n79q68uc7txxyhx34rprdd295lc7ul,5086083895
neutron1zgn4rgzmw8ttmdn0l7a0jjte8w8a09gyncjt9l,5080977051
neutron1y3a8kw3ppy97yw5x8e493keaausaldm8t80ssv,5079942717
neutron1dms32ax0ye55gvmkmzrd6lrrt6vh7f4d4qspcr,5077757199
neutron1m0tvkfd3n0mg496czga5lukwyrskp9tclw4p44,5073294584
neutron1t4apnhw7a9m97pnaljwe28knntqrvfm6q6lqm0,5072596300
neutron10ycq2rvf56zl49z2mnyg4ttqjmfmjz99c9v3zr,5067192787
neutron19ms9655gmppk2huplepevly4ppwgn8jfy0sn73,5065113577
neutron1k232t9pfn5lqsjug00rskxenx3fze26dw0dtz0,5063456608
neutron1fxsmw9fzmue5qpwykznyd8f0crhml6jqtyqq8p,5058740600
neutron1xunpgy4aqn7fl3gjxvpx3wewz9fv8kjkya24s7,5055524800
neutron1fw32ktxwpyvna78zasqcyfrkrd5mwlqfa34269,5050588711
neutron10c7gwzg5jr8k09lmx0ndq373k2me8l248paxhn,5050000000
neutron14fmdp0e5qvqh5ea9uexuwhszadh44pymp73jdg,5048325200
neutron17eapanx6x2f3clz6ds3n8kpzn3kywvf6zvf569,5046116762
neutron185rv765p0prkymkrq4hey0yrkvzaj6huhv6224,5045957744
neutron1vpnj8aehd8rl3t3aj2ampgyrphkj4ttshn94gt,5043498279
neutron163z8prcwfmf2cymnzq66xvzfvmdzk4wa57hf6s,5043306402
neutron1c5ennslluu8pu39vmwg3h9k7fen0dsf49cfdga,5042343206
neutron17s545zqsmg7mrx6qumcrgjw7jz7060l8xsz0tc,5040858005
neutron1dn6xahkrs5m94jruxrmfq7zj0zpx3uvt88fg6u,5037931652
neutron1jhqyaq9da8mtua2770ht7u9qvr6yns28j4y6xp,5036611673
neutron17tcrj2dgfu6je0yvd6le0r4xaylhpjp5yqee6m,5036068000
neutron15lwam9rpxua4xlkr53u5gumxwus7wztqnuge4p,5034828900
neutron15t46k4w895p4edfczs3hnqyuumv6mhfeegm88m,5034520003
neutron1asymqlpncmraufhx68aafq0pz7gsl0qu24eu9f,5033835616
neutron1yxp82qlay8768867clrg64kje9dyv4y68grwcl,5033583023
neutron10xefzfkufa86jkjswvfn20czyq6qhr0kvv2lfc,5031837142
neutron1asedp9he3t3a07hrhjhuqpszruchdtr73nt999,5030000000
neutron1pn792uyh7uhmzxlx3q52qeq3f2t22ak3mhufj9,5029994857
neutron19v0lr0f7j7caugxuz74m687g75lu9759vzlr3j,5029720132
neutron1geuun0dv7k9uy4rlz6d5hgdxwc40zh6a9jqeyu,5028227898
neutron1d6tjdvjjw49v5p0pq38qr3mr57rdgfaqdehhd6,5028006894
neutron1pwx0tyfgaqrpp0ku7m6l626rchv6srkd0t7j7v,5027834170
neutron1s0wltftrff7889rslyep8qvtqtsa33pstw90xa,5026890300
neutron159pxvr7rj46juycj42agf935pvxgzj47d5hckk,5026800985
neutron1ne9nuv8zf4494gymhac8mvwdjq38mslakcrz64,5025863013
neutron1re8v64tkzt8hatqrujf0lww7qjw6wtqzh5hpc6,5025389994
neutron17n84fadxz87slputup4p9wtauqak8f2zr64k4k,5023524600
neutron1m8gs2emktxx53tfunx6qfleesymy2ajeeczzca,5023330735
neutron19cgshdteaedfskxwycpja6cf4jlruyqyk8jvcd,5021549043
neutron1t22pagnz9qtj9pkqmyucvr2m37ef5u3drqzlqe,5021492258
neutron1eetpawhajm30wqv6n875wzyjxn5nfhzy4djawk,5021251839
neutron1zlpkmnfem0ayxvaqsarpsg7s536vmax37yndvl,5020787789
neutron19ypgs943zrwcppuv9yd6nuzj9v5ydwqsrdv35s,5019999999
neutron16k05p0lka4fk33u7yvm5jvzlmfcc69m9wjkrt5,5018977785
neutron1wtvvnpmwptwdx6hym0fgjaj09z6p49axlqfsts,5016959650
neutron1ykku4jd7kw07lgultxflq7x3fd3zulcr26v3vy,5016416001
neutron1cp92g5550rmxty6c6jruk4s8hntjjq65uw4ey5,5015342465
neutron1ksr7xmqaeucytxrm6dxejdmayqmqle9xx97649,5015000000
neutron1cxzu40y2gsccaxq9mka45hg6lzpfu8xq986mgw,5013666572
neutron182x97quc7ygz2a5j8wmtj9vvuaezr28wcghmaw,5013580116
neutron1w408ryfahz2v3jpkxjvf26ctj8dephqm2644ly,5012671000
neutron1fd8d7u7ctrppy66nlutrsx2g2vymukzjngsfje,5011725900
neutron1g2c7u0g2vc9dw6nky9ly8ssuvqm227szv58qfy,5010316667
neutron1glsz6gd03gvndqpvvjsx9lf9m3j6m2z4jmkymw,5010273912
neutron1m3erww6udlgzjwudms0d9cxezqmpr0j88pk9ye,5010194833
neutron1q0ky74pcyuk9tgx04l7hug5p3q9p04hvq8pu5m,5010186832
neutron1lpnzt4gh2ty8m5j2s2pfyul7kw04s4qxsq5kxw,5010000000
neutron1mw3atscxwsludjmdlt854h57t7yepcmusn0sk7,5010000000
neutron1hpnfglq8t86tsn9lzhu2ecdq66g35ajwxl3s6l,5009790952
neutron13mhv69u9ng8nsa3kejcu7c5ehnjx074dlq973g,5009012081
neutron1a0vzch46jllxx2699h24g76x76y7sawcscpe0l,5008825800
neutron15xgmyultfedax2mrc9t4h98t588704g94j2grj,5008094881
neutron17rnu06j5ksr4qhmhuqa4d82pkx7n7t4frpan6c,5007928400
neutron15a434j55nj6mejw4syflw8q20nyz9epasvj2qp,5007853225
neutron13j9et30u77r0zupmvvw9jlfe8hnk6cfa609qfd,5007740000
neutron1yt777m77rqwqx9lgxpt2tvuqkyq9tqgldpkxn0,5007435115
neutron1gvvf4262vc9ktwj68xfcxatlnejcyc0h6g2vj3,5006547597
neutron1d954yx8n2plwvmqulya3tu00rygslwyqxa070j,5006524636
neutron1earsuel8kt5hy66ge5q45w0rsng8srwljs3je4,5005974020
neutron1qykcluyf5ak5ldv5ds52ngg7r5ga9z7duazwqs,5005691063
neutron1npx6phnx7j7fljfulc65vd3gmpyjg6ts7mrn70,5005533761
neutron1pd6t5u3wy2ygwwddcjs0g44akepgzr9c07s6dx,5005479452
neutron1elky0x7wtlta89zzljtd8y0a05pvndeerj75eg,5005035741
neutron184a2j8hjz8m4c4d5hv3a9jgsjugvnzvrmlu4zk,5005000000
neutron1lee39jmmd0y8yaea5vzan4p5mmmgstyywm7qzd,5005000000
neutron12pfl0rqfc4mxprj2wjd9j4m6ta4q73frj92982,5004979000
neutron1s67tqr4kjmrs85esgeew0ptxsxyafn07g7wgjz,5004970000
neutron17c2p5q9zjxgh5ln56tpywp7g989630mgcktfu0,5004932273
neutron12r8p3l3ad8mj06c07usnc548kcmyt44ck6yqlt,5004931506
neutron1vwd38j0l7ux80awajryzkzne40gy2jxy9lzhze,5004507644
neutron1kp9mr47z945m2ajjzvtsmkp5mjw974xlypwamu,5004373818
neutron1qln8y24qn0qgwcqyel9wfx3q6n7cl3uln0z0eh,5004090200
neutron164hcu06p26aclepw58fx8ygczfne9uds6cm00g,5003884451
neutron1gxe0aq7wd3c0ufqy8gmw9sg29ed4q9vtckpnke,5003848185
neutron1qq3vddysrqz7w8v6a4k4hws9d8gwpmqsesuq2j,5003651203
neutron18fstkxc5crfd725tvuhphgtrf3eru606drjjmr,5003359999
neutron1h03n39m3q0hc9f50ppj5fs0f0n0nftkjenwqku,5003055958
neutron1q653uvh22s84a2nhctqw7u4mex9lm6aatdxqmz,5003007831
neutron1t0ek24rwnesl9mulsdk98vafy0s2yp7ygynhx9,5003003492
neutron1eyv3syfx340ur5275cpadzn3rmjx08slg6cpu5,5002525755
neutron1saccxz2uw7tktlxjt4ufrxx05t6k2579zh9pme,5002427061
neutron148la2ejefjwre07g35n5m8h7njn0ms93fumj30,5002356003
neutron1xfj2fzgq2xaag7xuy4y6yccdau6tkfv5q80m62,5002337918
neutron1kd734y32e9a2m8w8tqj94p2kw54y7xkvt0pm4x,5002193820
neutron1c72f8jgyxzrmpemnpx8td9wu5yrl4kqvl4nh2c,5002000000
neutron1hzvlsqjxx5tarqfhlskjvst0kecxu3gn65jc2x,5002000000
neutron1caj3hrqlxcs2r93x85f5pn62c8ul0cvr2g43m5,5001955792
neutron10axgat7ld03gvegd3n3gky0w3d2m8c27aj8y5e,5001688407
neutron1w0hay4mpqh6lx6m20f0ex5cvfddwsdy37gtx5p,5001562709
neutron1uypgwp4temxy2kanu4zsz4qewfd4e88k365m9y,5001268441
neutron1t3y0ff7fj5npjwfl50u87qq3554frgry8nv5dk,5001059828
neutron10jvlvh2tkcqfp0hfynr0k67ymm49j4vwadswpe,5001007622
neutron10pjj5ye6spe7vgqcph2exm2pcx4m5gv9kj8m67,5001000000
neutron14u7lvp6z775r9rdt2fa9pr9p8tlv3hzysyse5l,5001000000
neutron1dm7890ykgd0sk9fgytl6j7suy2sex6ff00tfry,5001000000
neutron1hksgq9p4en4z05rmzmys2glh2xxrslsy9409sc,5001000000
neutron1lkd98pq7ea0xxx7nx3tteayjfd0k5hq7tzzym6,5001000000
neutron1qdcly3uc9mgn5xjdx4ac55umwn72ejrucn8yza,5001000000
neutron1qz9wndg6texzjxu293ll5n2vns2c0cd392nfwd,5001000000
neutron1twkn26js963hg48t63lyuaj9u63s468sy4gdge,5001000000
neutron1up3eheenzwmrcnr3w6wz0puvne7t7esgyqglnu,5001000000
neutron1h9pd040wc9asm3exrpj0s3hztz52akqrdjyqga,5000979750
neutron1uu8xn9sm5hpx7r0mc776p38yxkh5hqamuc47ec,5000905200
neutron19fw4wfvlntcx40cvagd2xpxn3ecsug74qkju66,5000633944
neutron1xhlpcvfs9xjjyeflt35s9ak2paxs4lcvy7yt42,5000341788
neutron1uav2j5ch29hc5456x2yphl658e0r5gcgegg5ey,5000112977
neutron187u72am9mup583at5g9zgre9ue537avyj3pj9n,5000001459
neutron13fuksdymlk7ejde2xy8655ue9cpr2262jw23p6,5000001264
neutron10y6zdz8qxqjm8y5xy8mdlxs4r9k0smy69h06z8,5000000000
neutron12r7gnxv2e6nhxkfycc3s5c6vek2e9cdym3urng,5000000000
neutron14ptn343r7sx5e9gfgmsyc9vh4u7l3ccl3qtgf6,5000000000
neutron18cv0p09k5u9xarz9tyx7kqd0yk6jfsqxx6htjj,5000000000
neutron18q400a8hce8lmd7h0grefte3x6s9yzf4krfkv4,5000000000
neutron19j74k020au86ts0apeka4sqeg9wqwd6y7lj50m,5000000000
neutron1fr02wa7gtq6rl2hksl7nyjxsf5kh242npjh9sm,5000000000
neutron1jt8wvfatyamksj4klvurq4sm2j4de5kwss49p2,5000000000
neutron1n9f9cnduferdsuq5r0q3n8qfj8z2kv8xlpnm5j,5000000000
neutron1p3d00dd3f0h00zrrk7r4q7capejlg2nf39rh58,5000000000
neutron1zqcrtjpmshhf47pgw0yfqcrtq62me3lzgxzkzp,5000000000
neutron1fqcqguzdf9d7tl3pqkylt5lanu3u0yw83wh8n5,4989743840
neutron1r03d55jgarngghz56dknajsx8aphu04a04tcwc,4988381567
neutron1j20v3syz70u7x2df7xhqwvzp34gs5xvn3q6qll,4861411384
neutron1v5fka47waxxf5z85ll03r6vpus9trf6g67ywpc,4840415400
neutron1j34sxyqhzls9mnwt097aun85lg2uw8ynnrlr7f,4710712852
neutron1ppg6408jy8xlz485nkdahsqztnxcajt7hvq7df,4703179000
neutron1d2242knvmqq38m5q4pkkfpcdewk4g6fzavc5yk,4670495957
neutron1623x53q53hy3surwrcvfa52l75qszffgg6lggz,4627649315
neutron1fys9wsnpuf7dy6l32rp2k8u0ex7gj7vaarw0en,4563493082
neutron1rmwp9zdwxfsaxeg6qh0kuuxk2gg6h9vut82w55,4414746601
neutron1tjpdl9we5lffc6uj54nv3t9w6qf2u5xy8k9je8,4344233922
neutron1xxavkz6lfwl8049vyz4zw9tdf8fdtp8y5wwak7,4325075100
neutron1zpylguhpq04rrvmfqt9xu9zmhyjqv87x9jmr9a,4293279450
neutron1mzemvvz765vh3a5t6qxe88c2k2ts3x9zcgqxuk,4260468375
neutron1nysvh62plt6ydwmtwczvarqumd8z7ymncpkex3,4215802356
neutron1522lu3kvl4kz6tpq80qj3w40qrdn73mvw58rss,4176185851
neutron1vkmwtwpfu7cpwv3hksqc6d7ww5n6e48alctrmd,4160970000
neutron1zujhphf37s3g6kd7axsuf7w85m23y2r2h9mfjk,4152990239
neutron1zp0c7z9tgn90z4u3ldcsdrtp2jufz3cd98dz3j,4145186430
neutron10mlxzzaud3lm2mceffdu83l7wvga3x2vfd5mlw,4110985020
neutron1v7mn7gl3t6978az0ekl5c5ur4737e8ygtdz4m2,4110105606
neutron1puedct5xjsukd3lr068w0kepn2w9kv3eqdffpn,4076093423
neutron1eymapsam3l5ymas76avez0adlvw3u293504suj,4070946463
neutron1gn00jhlwhkaeny7x5zkggwxqvwa3fzpvahqkcd,4062959881
neutron16c8fzh6v877u3wjndrd6ryac6sv5c3pte8r7ch,4053354651
neutron1kw45vgw2cl99q9p34saqd4ke9nhe2twst0pxh6,4043290902
neutron18stpdhq32zkmg7qs3hp6ae8m8s3aj23znr5jax,4033714455
neutron1c4a6hmdvt54r05nmd8x5z7gw3d2vzvt4qdhsmh,4024000000
neutron1yyywtul2vmsenlyg4xrfdl48jcgp5ryz0hy9fj,4019088958
neutron1zc07x985nyg650sx0h9srkgmtmul2unv43kft4,4019075002
neutron1w76mzk223fetuyd26py5tyvunet0fuxm47lvsy,4015626195
neutron1dr8xljl4y8ptq2sh2vn6uvzvp9keqj5luehw2h,4012416697
neutron1xewrvqyrcfxtm5tax5g6xpydvh5ps53kzarv37,4009733840
neutron1cww2y855udpavsga3pjg4ljasx8ta2ez8fd4d8,4008831615
neutron1mlxpzqmut2freclfh3dxfds6c9xvvv2hfk3n8h,4005518049
neutron1rakrd9qdmkaena82gevzcaa7ytxr0gw2lt2hel,4005000000
neutron196af38xkwnv63d8n5ry2gl8vq6l0es3fl8wjz4,4001290100
neutron1vye0qm6l35k55qm8g5q503ahre8w9zm00qqf6f,4001281503
neutron1ptd4ud0l7uezd8jhlj97cna5rl8l7njlf8hwl6,4000900939
neutron1junv0ff3uydyu70gutvpzy4udxw3c99s2thlhu,4000273972
neutron1prr2x6gy692cllg2zxtuh5pz70n2a7tjrc79s6,4000000000
neutron1jt4lkv67ey7n6jxhn8a0lvqddqmdm96nv28ajf,3969717460
neutron15u4qt7vp53h8jsm3caenyxskmp3ma3cg2mpddr,3932795587
neutron1hqc67ed7mcn5rd0x7hfenlydpmj7l0lj9uxj8k,3750200000
neutron1h9yhasza5m9mcslsvuq4gra7d69r5mlqs350cg,3648421562
neutron1wrffsq9twhu9ecyzla9l433ajpjnasxy55w4dn,3387877481
neutron1gsjxhhzn5fajh34qd5dkefv9xelt3rhwyrjrvl,3386543340
neutron129z6z9ny3pl3rezynlkpnnzuf9h8dnn5g7keg8,3287422168
neutron1yjm6tyy7tvj3xgug4luan3tv56svravna3h42z,3241818176
neutron1dsemqzsetz9mpfenyfac5zq2hznvkwdrdedr6k,3240709294
neutron1h9wll7jj7282dgdq9h65juvvt7etfl7e2l7e4y,3235564384
neutron1rl9t6hr0gcr6eudjyu53cxcp2dm7dw4uthp54w,3235316736
neutron1ypprtuvnr38pa98ypffx4yg3p9jj77y427v4pm,3215042392
neutron1exsd3xafvx82nwzjpznry00r44m4fhzrfmr9jz,3169345750
neutron19j98yn7kjv0uqcvr027f3l40k02n3sn5r57geg,3015534086
neutron1aat3hfankg3yafs2dxzsjquh6s2ctc7zxxjjl3,2994994277
neutron1zdx7489uk92ulqmytehh34jy2m48m4mxhnkufw,2985602913
neutron10ealz8l4pn0qeumpe6ms2p4a0k8tjq72psf2aa,2984873218
neutron12kxmjgqzzcjua7vwmqvqrae7gsg8ny48zym0yu,2812818203
neutron1kjpanyzr2ty8panv9strdd8tw59wsz4dpqj343,2810547310
neutron1tyg6vzd350947syawn6amj27789dnqnul2w5dp,2803120500
neutron1s3qmdhu79snkqy9y5tycdwaxzvykq2vpt6dquu,2777383197
neutron1wlz4yq2dssmj6zqpykvcq0u9mk54mkpz8nlm6u,2774120547
neutron14zck6ttlu4tlacjgyufwc883tslp8x5xra74qq,2754409576
neutron1vuer7n3dhuzcw89at66vr7d8mn6gq9l9svc9ez,2672442739
neutron1r4y7eumg0w4r3th9sj5gh8mfmpwzkdcqdamwnx,2663400917
neutron1g27gv3e0d9kwsfr7vyglhu3dj6wweu3zpr225w,2655763979
neutron1rt2d6jsruc8w569wa6l0crsy9fj3hkuwefuvlr,2649003689
neutron17nrv0rf2dpfn5g5dzu6mzfny4ktcy9xr4md66v,2620018467
neutron1c467xm8afkfy7nk2hrraedher8g2trz940j6x9,2619980000
neutron1xlg792kvxe6u6jfzlt5rh5srghalzmwyh2y45d,2607918073
neutron1zch695nea92jqn94sdd0nqjhnvpgfffw4h2nth,2538819539
neutron199fzereysxad73j2tyf4svqt5gzh52v8nscygg,2496761522
neutron1xm3y2kpjdr9mr8aatwuj3kerlzefeeepy4ux3t,2474333060
neutron17h7pl22kdun7ddhy548tq2jkmrcj2djzepdaj3,2472570449
neutron1a35e8c5znuk99ujx5lka3k5p6pm0pwq8z4mp6w,2470793941
neutron189d5e6y6e8lffm7kvcel9ftah80k4mqclyam6s,2470098600
neutron1ap64lfsy0w80yqydeag7fn5p6j3h6cqkymlt96,2468939482
neutron1qmc83pa8unxfaudkvv9u223qhdmnama3ym5w8z,2433475764
neutron12t778anktvnd3d26xsak2ahs4lpgrph3lw0zc3,2405700370
neutron1s486na30c4rj28j2u0x99u7cv8dewjuqy78mx9,2381177064
neutron126rmu4rt4hpaterurtd6kkjmtu205dxjus7wyt,2353176254
neutron1rnl327j2xq3vkjyfnyh3sckpw93qewskmtzchw,2310272096
neutron1pvclqwka35clkn40a60920wfhdaazwywfh2f3g,2286162387
neutron1v62kjqd6n5xeypdhhx6p38mtaqg96572r83nrm,2276938971
neutron1zdsup0nq5xeadd95tszfqjhkmwtq3wlr993t7h,2265751784
neutron1tnj5mzfzz0nqr56f9wvvkr3nmy48cx2qp0cgs9,2238900031
neutron1qmtmahmeux8rkurqz5p2yda5nc45zdj2sg5duc,2231259972
neutron15rg3pzuyn97xyf6pnkgnumwwe2uyq4c04pkxvr,2226000000
neutron146w6ywqhwrc3u7f6j4lzpvh6pxjquxj08cq88n,2219400000
neutron1k6n9vkqzwk9jlzunnzje7y7zdvxg3krpuw6kd0,2217360830
neutron1r797rmjrhc3fgkjk8pz9whye88sj5ne6wlcmnu,2199628774
neutron12a942lac02m0frqujyrjcxucfledejy0kpa4j8,2187716980
neutron1jqfxf6pfy3rsqz8hqwn3kcf2k5l2xg2k04cy06,2182866141
neutron1hqgecj5n9sztr4v2hqshgkzq8keragf7tf53qj,2148460273
neutron1spm4rsm3ajwm92fdw0v40gddh2q6cdrgpzkrf5,2140235200
neutron10uple3kqcsk8k8fnle62zaa8e4gn2wtktxl4gf,2105620505
neutron14p40thw7mp9puhe6y5w4awjqnknrumxuktaakt,2079075081
neutron1jp9hyv8sj9ucswsmwraydg54cxqvapsmkw4pwl,2067703806
neutron1lda6xz4q7dcd8flh4k6x06n7zeuvdrax9l65tm,2063348087
neutron1qlpv29tgvw4y086n3nm9sqsg09ackasx8dsqy8,2062033350
neutron1rea5j70jpypx655jvga5fc7m2q7g4psef7jlll,2058865285
neutron1296d8q7d7wyz8904z6nhgwz9mxela6afx9kauc,2047672747
neutron1mnznc7de6y93q7fpsz9dkry3mn2uvr8y5w5n73,2013214000
neutron1cfu7kdmz2jn5k3fgcwaenyr7alq2687eeujgr5,2011902074
neutron1aeuytsrtdkshunf2x34mwgmwqjlxzuqewt64ku,2001146644
neutron1fl9ztntrj0a784ugclr3ek72r7qxl5y0f7jxf4,1998079544
neutron18sz0sfcxqm5hj5relxyuns36ewyfk862nlqwuf,1976910000
neutron1yy38qnfv4y95vjlsukq5thvampm5haf002rxpk,1957364641
neutron1u6rultfhvc67cx7fxz0kepqp786p6r5nnvncen,1951423620
neutron1y8admhd4wf4hh2tjc4qp7pfsvk36k2l6twu7a0,1943830051
neutron1lgmalr3y02yl8sjr25uyz430426z4kh6lr492d,1942280277
neutron1wzele4enmzppy8pd6rxltsp7c0pjftqn6y0l2w,1934639404
neutron1yxtfgaee36t0v94uaquqyw35lpladqxeamkeu7,1897962025
neutron1vf870a9uwq665zf6fupvgp33982hrg093h95cc,1894195002
neutron133wrwgedjsg9e6c8rv5q2kh6xyk2v7v5cvmkcl,1868530046
neutron1erzlps29hgfzpckgce98vqav7su8dfu6xhszd2,1860718500
neutron14e6gaqcx7v6ps2fwpvqnetprxdj2y63cjjzyaz,1859399200
neutron1fypru5z563pesx7gs7q7xejxa0qswr2da0qgdx,1855000000
neutron1ytz07nnqynaqjvz9zua3uh7v0hfej5ayhux45q,1851097818
neutron1c6428h6ty22tqxtxdvh6dp8q9crp8uhy9rp6gu,1849999999
neutron1jj2qk8qpvv2ckntmwa9dwzzx7t4zwklm65vfyg,1826321621
neutron1p9mhzhcfvwudx3jxqlrlewk5furp2pt8xxzq6e,1812302583
neutron1lw6em0gmr88rv693y3lzj7gzpjqzxpyeqgsk4v,1796402496
neutron1pthkgnsuwlzp9qmffnx023xnuev96z0jtpdyuf,1792439500
neutron1xy4q0wtymqqxhjxsr79tqxw5nmh4h2rwlrcc7u,1786930250
neutron1ua26t0wj8652gflczel9a27knz23gfcczpg04r,1784840542
neutron1rda2cwm6cjpyfwfhmuk5scvdv3cqpy4yxpu3wj,1781000000
neutron1t7hjdf66yet93tylvw5t33sllexedtczftp29z,1780821917
neutron1kazrk48l6wakptu23genahkh2vlxcvtxsx9fm6,1771322095
neutron1m0qptmwhk6wunj8rssqgwkh399wqsgjd4wvkqh,1767241744
neutron1ex8g7q7ndjxqn9cf5gekzjuxdcm06n8qsgfmdg,1761909719
neutron17gyzjq3yxlyl6vnep9g9rx4wgjfng5mad0d7da,1758550832
neutron1z8amf5zauum3vwrf3963yu645lzt2x4mjctjvg,1755246984
neutron18qgthf9457t3kpseqnn5a4u8tqww7ykmxf7wgq,1751199326
neutron16vhef5p977ur7qtweewzzd0sytn7ucqrtzv9ax,1750449351
neutron1pnpuagdgmqgvxnww36gyxq0zqskr03h0r6te98,1744350104
neutron1hdj8ckpmyx03l32zm4glwkftvyt4qhus74jk47,1740821917
neutron1ye43rx74qrzxlqmt8zqteld8lkseczv4n6qxvz,1730921545
neutron1dkc0ktevjv9taltlkwtxgy23kpd5655ug59pa5,1726874490
neutron1a88t58mdm6mg4xylp996qng8zec52m79dwpamm,1725983227
neutron1d3qvuaqxwf0zflp8425hafs3gltyt3jn3zkgeg,1724380416
neutron158zq99q3wwr7vlrtl0vshgphc8pdyj8m55et7a,1720329152
neutron1ef78v4ncnqpce497p46lknsacruwcwapv6galp,1714623246
neutron1pys8xrzyjf2ct7z45mcetgj46ntmccyg7swdkz,1711289392
neutron16zw5x9rsgauwsg8rqjsd2smm3k5dayr56x04nf,1708975512
neutron19aksmd4uzt8a7lz3nvqsm9ws9c2cv5ehgze4gq,1698831814
neutron1mv835qj49x8yr2fzcuw8q4em0g6hfq4up7q5rv,1698040947
neutron1237zv4nwq9elzgztrkv5zn7c6x4qfr9zmleehs,1695191273
neutron1tnqy965z09q3t3n824wwdcr6prmmp950psgh6a,1683190478
neutron19g48nzz2xtwn2p8cskarqsypvx5jw8nc0ruu3u,1680127489
neutron1v4fa3eaprt2lupk9d8sus76apqmr0gtp85e3hl,1674783730
neutron1rhf8wp7m7htjr0elpah46adkhc3sm28sayw3am,1646073059
neutron1cj9vr26x80m4d8knlfu0nn4mhyn0lthpyadv6n,1642397467
neutron1m4v4jydnxh5e09ez2j7erwa4hqkmzllncfgrw4,1636340968
neutron1l2sxgvv6k7gcw7ymjnctddcq8wp9nmyqnfzadl,1634597016
neutron19rdkwx2p8jpaxrfqya6rrfte5hvvdf6ap6x2vf,1632543291
neutron1kaxnus38etkgr2urwxlttcfp4gxyml28w054l8,1631141355
neutron1fjr80ytjau8g536yafqzwjhrpt5tuslxaxapcj,1630680080
neutron17hmenu8k2hffug596gg3lchv8vpc826p7yn492,1630000000
neutron1fnyn6jatphz4aldnm37x9as9yjkqtsmr3t7cru,1622616748
neutron1dzx7wp5u64uap0hwygz6zd8svme0gvtzcdgcnp,1620985532
neutron1cgl6zjq4wq0xdckclptazd6k99293dcn0ket4w,1620417901
neutron12v9vpr47zcrsnz5qcujrlwsc9yckuy2rru2q89,1619657534
neutron1smny7pkrs7tya7392augns05tktw5ykdanmmlz,1618613580
neutron1mypjrxu6p2wrpak8m2lz4xx6nyd38vw3hxy6vt,1615629392
neutron1al5cs32kp9rtj64m3z5sagngk4r9ugwu8ak6c6,1614451702
neutron1jm7wjc8harp68vk6ah7zvqdhfmskvyhawsf5sz,1608538386
neutron18ddsyds4sjpx3rym4vhdkr87umfhanz0zdx7xk,1605823143
neutron1epd6a73rs9tdv6w9j2nty4j3fpxpmcc6rze8q2,1603968100
neutron1jsrj0khtsh4qk8lstck40hjf8ffak2lyeqssn2,1603014399
neutron1d5qwr5kk5njdc8nzhs6kg39w8aajz6rz8zux3s,1596397638
neutron1m3ahr9pp03ak3auckktvgc4rj29lxlk5lk2m32,1596331125
neutron1k730fgrzk27jwlme23xca00l3q23cppwxmdl6k,1595680900
neutron1z8mvmft7vex2lng64w6nsr0t6485wacxqmtj3j,1590743642
neutron1ymxkej8jl5dk6dw7anmd73adasnqjahusjwqqe,1588858659
neutron1rgj9uw4x5tf606yry7c3g8zeeqtrmamqxv78fs,1582113937
neutron1au342rrkx42rzz32k3tj23e9h76fxqfwzss8s6,1580000000
neutron1quqfngph28t9zy8pvjkh5nwgxnxjzml70q85fu,1577777407
neutron10l3q88d8y9lq22c3v4getkrzvrl8qca5sa40zu,1574680818
neutron1fs5qdalwn033e8r809j76vgz43hwqpmz935gqu,1572023119
neutron1wykkpt8ea6wshc7yr942ad0spr7gcp3m98j574,1571827000
neutron1af09ma56aancxvtupyphk08cxud8sqzhcafqcs,1571050428
neutron1lh6w0tu637pjgj849mqsenq8tx2668n456cgse,1569968390
neutron1zgdm35jk3pm4ycthggvhzk3jscl6n6h0rxny77,1569926645
neutron12te44ds3r9r6jmtpdh9s6fa6zrfz3m955rgc6d,1566680825
neutron18plzkfn4sel7jgr53calpejg9qt6g4xrchz2ct,1564775490
neutron16jwds839uaw4axh4c7a7wztqz7jseef65mun0g,1564268001
neutron1w0awwc2ld0xvyluvy0jdzejh626tpazjlr6ytc,1563467001
neutron1ykmnz0t7xh2qetzy69wez2fue2a2cuwpecm62e,1559225890
neutron1wx2nmkgwnwusgwetg3tvpcutxlmfsjr463s0s2,1554295905
neutron1dxmsteydd093r3tq6g7d4etder6ccsu7u90jp8,1553292643
neutron1k608ggx0jyvtutj4984u585y9wzrcmgav4jgdd,1548044796
neutron136c0dtgflykdk6v7repv9rj6yr99euxhzw9nhw,1547221255
neutron1cxmzj73ysxqnx2xnv868fkjkt0ly4szyzlxm3k,1546833842
neutron14fm90wy337deqyueczzy8y37g5p86tw7ezxwax,1543640837
neutron16u52fm3j2macl8a5pxqxus842lycmg0cwmsush,1540803156
neutron169me5dd4fg272g99ke3j8qhw4cpq5nffxd7p0w,1539835193
neutron129z97xu5nrty503gqzs45ac5jp3kdrwhf0nnmw,1538496515
neutron1g64p7rq4s3za37sznnmth48wr0g98uypr2fg87,1537814772
neutron1st2x2skj4d5sd8pcuyt6mxwzz0sherk09q80hg,1535526298
neutron16n82qw2zr3dj3af94sgdl8vtu8y5aj8ykq7dhu,1534837065
neutron10hvz04hh92xzct5hxnpsn5h2fp3p4ammcg425r,1533055363
neutron1f2cwy3dux5w4u06245lr7f3wpskcgunvvhuasg,1533000000
neutron1lytcf2hfv4ac925s5d0auhdha82ee86q8akucc,1531368460
neutron1xr3ne265z7yqv625xakvzxhvuaf3aws30g2yl2,1529693595
neutron1k208hqmwyr266kqtx4tauttfjttgrt964uccd2,1529428599
neutron1z4s4c2daezjwwaakhu2edtzuenukd7vhpjx7q5,1525969741
neutron16jdr3rp6wcg4wf3dw8842hyzg9u2zedx8gsur6,1525377520
neutron16h6lkkqe0fm2cupyc7ws8ug65jveur2tm3wq0v,1524708060
neutron1ydd3dsv9zft537a59tmuud6jmtvm2k3xjlmqya,1524559703
neutron1at0tp82j0l0luef9ykppnu0a5aa3v52q3sk2sx,1524369791
neutron1az2a9muprywg33lxpcly9uqkr0j42agzu8e75q,1523117364
neutron1wflmekzmaftpnacy35dhee0nxmsvhfmxph5tdv,1520476700
neutron1emwfv2ea4w3hc72ljsf6a36tfr0dvrp7zqx0ry,1520277021
neutron1qgu227rkd8qwq92mdr0l0cp4e5n6y4yrlz8zal,1520162896
neutron1pe05prj50xrv6spplelg5nptu6jhtf8qvju480,1519277159
neutron1q6hw3zyms2rn2ef92ef6s5sk0syf335pfxd64h,1519075716
neutron1g0mn967fcq3gclrd6ffjfp2le5l89x58mny9wr,1516066783
neutron1dg22nt7l22w3pwds5vnjjm5k8a6vp57yvhjem9,1515948335
neutron1u9fytegvuphscxqtqzn4yks983k25tn6ydqegr,1515436884
neutron15l3rmn06w5ra4wx4f06j9cfswulalw65m8a6tw,1515080727
neutron1lv5w66n2cgd2hjxclujnuax2sa49eeax9dtdm7,1513075757
neutron1xv0snu9u96rsyvzde344rgshkc4gh44crjrg8v,1510819607
neutron1rjttrg4zn0ffxr5nhxksgc9zcayjvldalk5jd9,1510780866
neutron19qs798zha4r6xc38dnpctc0hryrj8g8rwt06dt,1510666665
neutron1k2t5rm7h62za3zaz6yhhlwsjdhzudq3vafdkz0,1510326082
neutron165gdeke55d5wfvd6d67qedenspyslg25zqy8m0,1508939454
neutron1wm6zpxdwwakhplt48gd2ue3vfdstdnr2jx685g,1507279626
neutron1k06e3zgpgl966fr20yspnk4ehlwl4rjzhjqzrv,1506835180
neutron14u062l0p4pxvef643p7mpvw09kspk23slsqzx5,1506669692
neutron1k3v7l7z9438mzssjsejy0gykjhnkmywzm79axv,1506499339
neutron1sgwd7suqq52tsvz25jewmv3u4ymh52efk3976w,1506460000
neutron1v3j82s9v4wnutd7vll3qzlfgqgv9luar3t6xp9,1505019400
neutron1t2a2vp50jve42xa2h5s7m8zugzwfulwnj44tvh,1505000000
neutron1gc6epme4rmqw04pn0zux2vm4dmv9ccxmyd9yk5,1504754900
neutron1eftlck9ls04ay0lwx0pxjc3efzw2z7acj55fx3,1503664911
neutron1r9jx393nv85zw78mq8mt0cx7ggvnsarv8ac4ux,1503644579
neutron1jguz32jdggevnzn450rk8ytjmu3v3ec98egd96,1503302013
neutron1jfy2dg4dka0qkccp2zfyk65dz6xqv0y60e45w6,1503250759
neutron1henc5tvvf4wz88nczxhms6px2gsfu4834qlcpv,1503051000
neutron1l878w2hsxe4nuaezx08f6cukf6dyu8yqrhvg2q,1502484535
neutron1u4u8l2admspvwhx08g4hvfwr7gy29hrz7wa2v3,1502347900
neutron1haa2p9zsnklupq80a449ex0d5y0xqa39ycshap,1502341648
neutron1s964yge0ymxjywz5272tjvqref9lxylhawhee2,1502041035
neutron1mv0dxj8auxuvklkg20jr9vcn5cwgtwarjtja4u,1501898797
neutron1r2hgkva7l7g3uglsezpaa3lqc3alm9vvuz9ncw,1501868999
neutron1qagpw9qa2nrfaz4a5vqqq53xr34ryd3mkgr58h,1501538086
neutron1jjplct4zns65w2p85wz5st7rwvyrsfw9txxzue,1501300087
neutron1lhpkzss6cgxf6ku4j2uuy400eze0hc7sq2asf8,1501056587
neutron108r2yv70qk4rl8e2enyp2yrk7mt6ctw4nvdrle,1501000000
neutron1fnxdv9k6603ugysm5rup67sqar8rlsw0kys4vl,1501000000
neutron1hu8c042ktyefymwl3f79c0xcrt7aq76dnpncrt,1501000000
neutron1lwnzyt697a4e7a7wwnz48tt9hzeqy0l05mwzdg,1501000000
neutron1rlje7nkvwles4vgz7txf4jh739mscw70y0a3nd,1501000000
neutron1l0ypqgm4ua3c2hw7g69futwpg0326swwgt25h5,1500890278
neutron1vjw68wy8f20mwd29qzeeg7gnv2st3gpdp5lu4j,1500820255
neutron10xpa3dcshl54ggtyg9m4mvf3qhz0w9y8ef2e9g,1500765647
neutron1nmt9zlgmcn6f9qj3gepxdfy690kkna0xv02v0g,1500600000
neutron13f9f7yyzt6ed79j59x484aw4u0xz8200mlllf9,1500562763
neutron1wm4026rxqcrkh09k806m6y4lys942etxn50npz,1500497964
neutron1urgxmkx2wra6adrx7chlql342dgqrqatcv32k9,1500016560
neutron15l6sx8f2vxte8u9f9qtcjm9mnx70qt8s8s9xw6,1500000000
neutron1a2rs74dfjxxyeqlsx546wl4q3wd5we45ygkqss,1500000000
neutron1vljkjyhz9y4jved8dzgwhrewaultgcsyd9f47x,1500000000
neutron14tnrrdw7wdkl60spgepsr24dxgrh46qj7tv7hl,1443609080
neutron1ympv0qvtejd2ex80qaajk6a8d4lulj26ydth2d,1420837506
neutron1w9vmdxg5u2fjgj0pqwrzyes9y0ae463uch2m0k,1342390228
neutron18vmfs46sxm9sz7uvpu3vqy520ns4zvaw8ds9jh,1336000000
neutron1a4gfpeuxlslxlph32qjjf3g4zxcny4emer7lcq,1300000000
neutron1wzvgwttnhs7sly4ey6p0z8cv2zzcs67sg5qlty,1290000000
neutron1jdr8aw7uj05gkl9rdmamt80gmel7l8suwtey5n,1286049296
neutron18djajpkgg0qsnl07f7ws7rltf6j4lls3s9dmq4,1283587681
neutron1mwr30rwach2xtv8k732rvz22gwy2wh8hrlw3kx,1247329322
neutron1ff7qekt33kk0sgv5xvjew5hgtha98uvg8gjd7c,1242388465
neutron1x7ga9wq8gxrdyhttf7tdlf24yj8fqhrnd6dpjh,1236339700
neutron183xh7f4umya7prz7v90z7lzq6g48wgeu5c0ykd,1197728238
neutron1pasd6yzhp845hfz7rq5f4yjganyl383auzuqdf,1194106682
neutron1szv5hkthkl2jn4dapayx82sre8mcnzhrdgp07t,1188415393
neutron1suaj50gchd9ujn52s8ufrpueam5hgt0wtpu0kx,1179787003
neutron10tlzatq8xjwymdczs6v850c6fl97tcgfdqswxh,1162359639
neutron1l6uqykzhtfm0spfzvcjk2p0vwyyt68ssf2jkda,1159645732
neutron1gaufprv37gwgfz56cv4gte0wdscra9e89htm5u,1158573950
neutron1nrsc6l755hqjat4w3hm2aaajjygn0hc25n5t0q,1157365209
neutron1vrrrzdx346rk5xdj5r0k2yay898l9pnffvzd5m,1146724721
neutron16xvqcqqy027ncsn9xwpytfjpvs57wnng8ktl7v,1141503839
neutron1v2402sk3kzy5lgacz8t049hg2lrf5kvlj343hx,1138112503
neutron1u9t3nc7fm7f04qclghu5wnwmux248gyyn32lmn,1119395420
neutron145l8hkffu52lr2ed8hey80l3rjkywhg272s2k7,1111252374
neutron1qc20pae5597q3ncgw3umhuaj0ep4fpdurdqxtk,1104701532
neutron123a98y2mz2e8eq9r79j3ftpr09kskrfhj89n7u,1102627503
neutron1x3pqg6d2qsfqjh6hk70hzzcuvuz97mpf0f2qdn,1083769505
neutron16lrjf5fmj7fcnsp80ncpmv0q7v0p8txwv7s244,1081506663
neutron1dspxyh3xvc3depxszvc5h46c7aqln4dmmhupn0,1072210011
neutron1m52e3cclpud49u8an7npykqwv27gl0yyk56rl0,1063021368
neutron1gel6956yp2s4zqqju2fe3ewy8zkae4dygu3mek,1052054630
neutron1wn28q7y8d4c5d68sm45kdtn3jvu7nyr6t4zva8,1044923451
neutron1kgnwkeezafsus87wta2aqdemmw4r7k4ew3ezx6,1040522181
neutron13c7ah0kay3sufmjtvl32z025zflq7pjgjn0eje,1037694888
neutron1yzrgvygh2wxhccu42qrwu0z5g29p7lzlf5tae7,1032695600
neutron1d6ytk5nmc64r6p3mjfdqg9g5rlm5ca3m75587t,1018221105
neutron1dqv7k3d9g5r8mac3rex6em027z2n8z9nye8s75,1017862571
neutron1qwtfg8smvgft0vsaya7fg4d646mpnw9zjsw78l,1017013292
neutron1vk9nsxwhvprq55lmu999yazljgd3zuceajw4k0,1006889300
neutron1kez6r2yquf8fp3cwvmklgvrmu7vaegk0dfgte6,1001000000
neutron1zyk90u38jn8pry34s6qmqamfu82d6n05nv0fal,978715678
neutron1gp8sghfyzcykz9wzkn3h97cpk540ehrfp9pk6q,973750154
neutron1704l9slj8ywv3exe73z4duepne95na9p4s6n38,970165852
neutron1hmzk8ngj5zx4gxt80n8z72r50zxvlpk8yv208g,966447034
neutron1y0gnmr60s58zvxvkhg3quw2gy8805n7vlj7kcy,960635137
neutron1zmg88fn3j3rv8zdauu45ns75fzw67y78u4xyqn,956862852
neutron13s2wcsz7hyxm0yn9t3ulc7x7mptdrexcq6cht2,951288123
neutron1z04sf4vkw8pwznldyxpa6ysy46ttsmmwah928r,948997914
neutron1tr0pcc2p080t4j6u943q0g5ke0n3nlt6v4ud9j,930456230
neutron12mu5x03de22wkduacffm24m4sk8dresvckwvxl,890000000
neutron1r3zl4dq49jk509qh4unx7hm89t2p566tuhf49g,878344287
neutron109lurz66grgz6h2aya2cr77yznsu8hsfuhskvv,863146131
neutron1gqzfrgx6t5mnljgtctq7xptargjs79zvx2gd4t,855451886
neutron16wva62t8d8unay4ha7z4t5a7j9kdtn0pey8nhh,853168556
neutron18fvwhm3066jz5w5mcmtsa270ga2azxt2jj64ga,847563967
neutron15chclhzjwurd6lxz25htv2kxj4pauet29zg8el,845554338
neutron1fxj0s3n8d53v6xhzp8wrf2fpnupte7v3tvcl9n,844882658
neutron1fjfal7pcxyg05xukefdkgk7qas893gtagjrkqn,839740964
neutron17vvnv77fe93m8hjq0zckfmw3x2ah4g7pj83ra4,822505369
neutron1c5vkhnq878ww3pup92axpzg05yqhnylzt62aca,820000000
neutron1r73hu5xk8t8rlh5tnr298gyktpezz5gxfc50le,820000000
neutron1w4qksr08q3q95xn7vt7y3v4eveg4ku0rxumurv,820000000
neutron1q59cceeth92htnu7rsjya7yvjtavxrn3jw4ceh,817387880
neutron17fh3e8hgs8v5alm7acj8ldd2nyqejsfrvd408c,816049123
neutron1dhtg2k6nm2l5hqcmx4urfw7k57qvd0406yfute,811968186
neutron10prs8xevcelfjk3h7xnlefr6ztv7x3exk2zfxp,808692944
neutron19vnem4y94yl7r6ee02ude63d7skute3dh2xqw2,801128393
neutron12c5uufphg4rpn9vk905g8u44qw2ykr2srw4k45,799180602
neutron1tr5wse2dns7jq68wjh5rrrf7xwm7zk3qhyz5h3,793080245
neutron1vaavdzuadrsa377wzuj2y80dflttqesnydyfkz,791253200
neutron1cpgq5ar2q8cqhsxw7079476tvm5xkq04p43le2,773677800
neutron1uue3jj5rdc98390tutfr3ajlzfcj9zhnksz942,759381145
neutron1rtjuwtdg4glcst3sd5xkfqmvy5na7tefxyj69v,755163153
neutron1yan4dz0s4hqfpyp4lpuem5pae0nfkp30a5gugj,742549159
neutron1wqd92yu8qjrcvhz0gsa43qmhfysnzzk9y2l5ra,739775342
neutron1xj4krtnm57ev248e4qsnkhutdgqw078eann8nj,739726027
neutron169g6nq0p9h8h0srkakkha7tz4f5wvcwkpjw2ll,725762613
neutron1qcgdc3yja55pzq3k0v33pvjhfp7f8raar3ywh6,720877857
neutron1u0rckmt8f4kpm32klm97drxsrcz655w5mjygur,706441599
neutron1n9g7e20llggjj55hzrg93alm5cgr87ruemee64,703148429
neutron1u5t5wuyx7vaenk5085la0ptycd6f0mt546jf3s,702577748
neutron1vgq6nek8uzjmuvsa7u3xvx33qaqv52u2d3lmq4,700000000
neutron1j72c7u5rkl282t9lfznyv6fgctnjsgyxxwefus,688407645
neutron1hu8z7stnxu7v373y7edfkzemya20kjc5gmx6mf,685950735
neutron1vph5x6q72q87zuvq44vrv9pryn04alh6l8akzu,684937983
neutron16p8nk58cpxql8gh0220lhqwhp7ky8syu37muxm,671819231
neutron12en8s29shq5q08z3nxlk5wealjqtrfrq2y2gnk,666666666
neutron17hn4ur5c0nan4ly3hcvvfrl0wseef9kxpkj8t9,665655648
neutron1akh8ev8x402tll0393pf6sqjac2gtrwuvva3ru,660916754
neutron1k2fjzxcww60dykhtm5vlwxn3mnzmzkn6su4nk7,657534246
neutron1cmlkr8nvksjhszmut4g8tpuh9rkxz3u3l4xmks,657532602
neutron1asyurvwnps3p7hdylp4aksj032wrwp9756qy35,654264316
neutron1kn2ydgqzc88z8rsx93laplt7jehpjqhxcz5m0k,651763498
neutron1ltvqxtcwz6crf26gzex0vmct8fd7fkud82yfzf,632910079
neutron16kj2cyvrn04q894zcsswrscyvehr7fsd8w20fl,627308587
neutron1jqvmtkawfahywfdsyvp8953knhv0h62824sylu,622086200
neutron1ds4jyetphj3rlqvskqvjher455mdxq93z7cmdx,620296597
neutron12pu2z34due8vr8rwnkcgun7r56zr68tuea6h3r,613040187
neutron1uzrn4d58jljqgyyxs4aadk6fyfzag3pqchy4up,612604591
neutron1dcnntha63n2sqq0gl8ar6kgm5lqwzqsmh4x7d3,609637251
neutron190n2fjt7tldjf3p4g48mmcklkkguzapqpx8rxj,606575342
neutron1ns9uqz8cphcrs0c7cygncgp494eq2gp0stv8fu,601955302
neutron1vgcxy0g2g4krqkvtjfyaecc8qfnzk4pwz736h6,601864497
neutron16m4yxukw8sgd0k7w3mwa29kqejq4ym6xxg9ag6,601000000
neutron176uyzf7kmugwdtjal57c0dl2hel5mfrlkkqc2m,591780821
neutron1ke7mx7435drprdnvvck2ztsudkm6stpupt3j05,591780821
neutron1qc7rd7n7zy65z8r4rd486zhqurfghse38wg998,586710882
neutron1j83c2v2gw65f0mfljak6xrmv60xrtvqqqk8lm7,566184917
neutron1ctqw8jcw3f5alcuy232633lcmw38ftfnnfyhxd,564586147
neutron1qa9n2hntgwtgjrnl2tl5cwn6k5t7wuz6yqa9gy,561602969
neutron1vgc85mkqlvzpa6uz5wxtzzn7esuxr00ghhgwpw,557682667
neutron1mypvlsrkmpa7zphf4w0tfvh95fxx26xt54t0p4,548347851
neutron10vrrv8gst7crmr2ply4x3cwy5jsajlaaf60k89,543290402
neutron15cx5hjhkv4ae3jlqrxqyken9ryjxxlxus4h4wj,540899296
neutron1s4jz67p4e82w0tcejuvxperueyuwte2lzngew4,537534246
neutron1kegdcgwy774yst89r48yztrpf6ckcjdv5pxarc,537375920
neutron1fhflcntxtuf5mkx2wkynjmue2gnep0t782g8ax,537119502
neutron1hu3rlk4hfqgung2duqhx7wdf6asgqxh2us50k5,533797619
neutron1ay58gsuhnapp6gwatsd32eth64sw5vk5g0x7su,532908320
neutron1xj4pvh8fpl6mhewpvt8uwnq8xpfeygwepuv54c,532079353
neutron12jzngqrdc6djrjmakmh8yrsekagd9mwl8r9fns,529638504
neutron1akgwfuzvjdnvqfq5xvlzu5ynet7gdzv0qwlnvx,528319163
neutron1wkcmeamc2syrqlq23dj4c0ylutxa6r7d2urwl6,518447407
neutron1f54ra60yyzdn4asr8gk5tm0ujrp2mffswgr4zx,514990643
neutron1gkme7wmetvpthp8c5nakxsngp4lku9p4yvpde3,514217974
neutron1j6yw6aldlctpaz2na3awsnexle3a8k6zh9mpyr,507889598
neutron157y7789m80kcng0vu4x4kqhhmwvf56j893wqxz,505479452
neutron1jpznw8xxpwg2ma3s42y259dcn8ps3u06p3vcq6,504924971
neutron1vx5r7mkvkm4xalzhcu9qg4rvqn46l32s5xdqf0,500984695
neutron17la8ujgg53pzumhe2dt34xf64ge6ss68t0k3fu,500000000
neutron1p07duenj3d5jf0ggk8sdw6t7j8tys4wsmp0ex7,495730976
neutron14kqxe5lw286qgl8eqz3xp7puam9694sk2gpz54,494046443
neutron128v07znmd06yccntn7wyqx8pd3xtxleu57e0fx,486905484
neutron1dzv5xq7s6r7zwztcakt4q3xk50znq3d95ru73q,486513653
neutron1hl0csjld5hjpqy8l3tet3c74t493r3r83mnqvu,485608405
neutron1wlp9rycu9cr7z24wmgjjmgyqy6t94vc0kcq6wd,484934291
neutron1zd6sz5nx3emn3rsl2l5v5qy5hk75gpj86p0a3t,481674683
neutron1d7uwqfsaazsuvaxpdxf77xdyenndg4sjxsatvn,473955229
neutron10mwrnqd7l7ta5dekzdf4x95uzc5le0wppyaman,467377001
neutron16jpe72a7sad992p7mu9eaneaet97zaan9m3f7h,460445037
neutron1kf6f7thfd3fqrgrpngmstqjpnn9xzht2j4mner,456250013
neutron1t6sxhd955a9j896wgfdaz2zm6acsrvftmq5gpp,433888717
neutron1qy23zgq2y9vvxe48623jxf0yqfle6gwtke3x48,426795238
neutron170hhvh335u5jm20vjufkqx7qn7ex772lu6wh8y,423789346
neutron12tafgd876c2t67t6fwpad2xk5al8ajx8ktn6yq,423618329
neutron14sq0ca9lg5747ka599nuys3jvuyad3aswx4zu0,422895922
neutron1lha7ctexrwde4ek7s8fs3vq89afhgpuju83zcq,422582700
neutron1lzk32fjlyed46wf5vwn6pdq64lt0najdcpldcz,416600628
neutron1ere9h7gmm533ymhwhem68ejzev64689mpu00uf,414246574
neutron1ceuxj02t8jt2ku9tvaqufvlne57v7sux3uhl8c,409388038
neutron15ne2efpjzhgd3cv7cdkk3l33pcrxlrmspsx376,408989557
neutron1cpmxl20en086vxglgykuua68aqjl4cpuncweaw,408266347
neutron18855d8glu8ck7nz68a8xmgedwly9nz8zkucvgz,408218186
neutron1szm268e3pwzl9fzl6h8cnrt22sphw00pxvvesg,407365036
neutron1w0wjrnynjfg8uaccjr8cfr35p9e2x9y88h2z8p,401357210
neutron1pwpz0acvw0mc0clr4kknedt94efhwzj8dl5j0r,400006667
neutron1cjc54xrf4l4t5qg542m62xnu8lqufx622rmkq3,394520547
neutron10p7g2mpyd4rpjjpq7s6szd0vf2y2dnnkq9ltgx,394262306
neutron1a99e03e800j4qgv44r3hwe0m45npndlphkj4jw,387979480
neutron14c7c6vkwfnvufh5ks5r9gcg8rf8rzqxslrrccr,387550840
neutron1pwfrfu3qnzvc3dy8737ew3s78gfeg8u7w4jhge,381045834
neutron19g5gmtv3wpa2rh76g9p8jccdh2r7zzc6r3zlht,380104872
neutron1d0226rz597xeuaul76rrxjm6vsq0ry8jtfw4nk,378598480
neutron1lzagzggq7w36ad4umt3w7cj308qz2d7jemg8as,375490545
neutron1qu7tde3et5rp228m5mn2htgsfnl2xay7rsk4xy,374464849
neutron1jwcdyc7j0tjavkjn7628zq7dtzvc9fpvk2ksgc,369863013
neutron1wtrqpkzja2sg9wntm5qf77y68uh2w9h699mhdh,369863013
neutron1rn9czteg7n9htyzs4nee88p2gprnntucc7z0xa,369512784
neutron1ef7daptp27gqmugucgyfpq305pqugl5772t5qw,367834075
neutron1g8p7jmq7gxmwvnazq2d40ygkqesu5denkz69mu,366367284
neutron12evzge2lj7dnvymct7l90psldxegku6naqd97a,363316355
neutron1z4xekj7hwcqujxa4xpuwtenn2qyhyfc374vk6u,359571572
neutron1ancmwt9xsa2ec00mg7npt8lyt4w8y6ufua0drf,356968602
neutron1gwlqmqc9nrnuu8fanls76exyrzum9xjmqtu55k,354337849
neutron19zqrj0qufm3d5t3pvtqwr0ngn2rf4urwehkpp6,352319900
neutron14rt2jrxnz403mrlp5vvwwggsv6vsus6d44e8lq,351992220
neutron1jy8jkema99h67mxen5nrk7c6k3n7j6la5veuct,351661823
neutron1ze80k9fgtcmavzpjce7lqwjwe0j527eaatvrrf,349290000
neutron1j7mep9rl9h30gg2t4t2urmuue9dm2laxy4he7j,340260709
neutron1cppku9ve6mfakp53w0aw8maa0sn455jlmqumfw,337909667
neutron12v4nklf02geq50vhfa0zldyltd27l53kd9pm8e,337836984
neutron1k2084grvz0fz2qskdfwl5mj9gtnh9vf22sk357,329424657
neutron157aq27pexjl2hwup7k2tzsl8prtflfz03ktfm0,328558657
neutron1qtes2pk3wtqk4v9k4je8qsk6eujz4etzzlnsng,328000000
neutron1tw9q0jxglr33c2xamry6d9dxk2sgeq42e54dh6,328000000
neutron1qxkl82g4d3hfpk798s4fnjgj2xng670wp07z7q,324976699
neutron1uzkj30fgzvez5evl2p7k97nq90pzfshu805qwc,324968346
neutron1jsg6w8a3q64h45utcddgk2cnwe0nw43s6ma95z,314608847
neutron1hgh4vedl5w0ekjwdzhl4kp89nysuxnhm5mh3dh,313722739
neutron1sljlyd9jamnu2l26uh636t67gd4gyad698cdmm,313349671
neutron18sgge69p9d66u4udyhrks65s63nuvrr25wmmwr,304043143
neutron15c67yz7qz4hf7als4qhu53t9nmxup6kqtw49jh,301587922
neutron1ectm849wl6ta8cywdfxfws237vf9zldurtpptr,300000000
neutron1krx7zvdsqmumesp3q90nun2kdhcggq4u3cql76,300000000
neutron1r3pvn9yawgfych2vmd953fenu5p5xu3m4umv9j,300000000
neutron1xunpva8x75epm564mzndtckydtq54ynwnr6nj4,298842371
neutron1kfmkm4rzx68l0czw3jwzyacwm4mqhq0vfhapar,298000000
neutron1vqgx74jhpuccy4cvfd0j0awsys6y929wgtuj23,296815797
neutron1hsu40aq5l576lw8lp7ez2tcezkrd5trhf70tgj,295064809
neutron19hkc7vavp26ygtssvg349h26pf7ze5t32q9j26,294321517
neutron1czmkermdkh6qsrlfpvclgz2a52ygvy58lehkpl,294100988
neutron1jvpt3sjt99f0x6c8sqpv38n383p32kgdur5pz7,293842849
neutron1rnmalymsf2nph9yl7n5lnkghf446jr37vvn4tx,292000000
neutron1ckuk9uh7dalwvqnrt83zftedhp5x0zgrjh96sp,291944300
neutron1gjt2jcm63w895sl3j9d9w7cfyar0wze7m78mkl,288438339
neutron1z05gcfyvn68axc04jzlq5cv2ugcj2snfenqe0d,286390798
neutron1m3x2ekqzw6hfw40mdnstnlkex803d57fdttku4,285233450
neutron1uzr3q9xfkxdqd884gxmvflu7n57pe6swcul564,281572709
neutron1ql088yn5knnyal98hwh0ezmkkuh8x2yeq38a0g,277097525
neutron10dy4ce3fnasz9ac5mnye5mzma67kfx523cd5ww,275841876
neutron10ck6m59mvvx05jtjd7k9a3xwmq99y6p8qpm6dr,271860169
neutron1sfc0dhmmfd8kmn802kj5hkh8e32u8hg4tlxpas,270718259
neutron1ey7ypqvwp6732cwquva0r3ygr000eluj5nk5fj,266666666
neutron1d2uvxy26dm5x6zkdqgpddyp8utql07pvttgk2m,266363500
neutron1g0jznpjae7x6en5gmk3qs5qal2pgqdrk04fhnh,265141256
neutron157v08zcahkmrvvzgw8ggku8q0acnp2urdddwhd,264065279
neutron1kpgm2sh48xav7vyvya6s4qc0f9shx9mgrmq5ux,262863000
neutron1yfggs0t47lt5wdntqrxy9wtlm80hpdetqdmm8j,259411452
neutron159vn06j2ermw34rxpsylxp0ucpde4pmfysxnsn,258210423
neutron1a9tzzztwsdfelep7e0tc0ejmp2cz5llx9xd549,257187592
neutron1gqylk9jknp043qd79thldxalz6vhnr4t20fvsq,254775380
neutron1w57ct997fmtyfs0pja8kclnkvm73qu87g7xr6a,254502365
neutron1v0rpxe7rnflp0yaj7k9c50qslzpp3gs25d05my,254482154
neutron1tfu94fgyw36snymd9ypcgpqupak4d0nmhrhw4h,254212649
neutron1y7a5kl8e84e92qavmltj59th2w8hupg6le2kvd,253202942
neutron12zah2d24clut6s2mat6aqvf9acjs934yzqhm50,252267004
neutron17c7rz5aa6d3xmws7v5qjttq435t9wcdzq48kgj,247283155
neutron1elapf0m2cj5lkf4w60s54klmwf4gs7750nuguc,247198693
neutron17hmq0ku59g57c42mw78lcn6srfve0pwxwyf4wx,247145308
neutron1g2643tc0xs5jpzp5xszjecstzvy7cap8rf4gma,246668740
neutron18wzgwr458dhpqca2q8pccaz3p5eagevv4yd0g6,239534863
neutron1wy8h4c3k62hh08uk4864z5nz79755fsg4zg44x,237049310
neutron1v5xk2ywwm24n39xzxu76dhnxs09tq443fgngdg,236909428
neutron15qzdv22j4nj5p7uhd7hvmp9ppeeqn5yy7xafe2,235077402
neutron1p7qy3glknwg62m56k2ykrljepsxdcl80cykrfj,230645806
neutron19nt3gysx5kvmanhcmf50kad32lymmrmfjqmndq,229693776
neutron1ppkzte3c4nnzllm7da77g8e4ku66nkw62scpmd,229362603
neutron14vtlfkkl68zppufea0mnsgujzkpn0a69xtx639,227336820
neutron1f00zenfx8j4dqj9vgjaml7hxkg9ryunngdveav,226356793
neutron1ef3cw5kya3mwyqjycla6z7x9hz4xs4936ga2j5,225849632
neutron1fx9clguszsakzce78maaq9p47hpan68gzhdzg8,225735356
neutron16a57wj9lefrgks9za9vl9em45c9geu6vprg6ex,222319633
neutron19p9mnzqfhpmlvauhmjhhc3u47ue7r8supyq2gv,221812577
neutron1stvgcs556kfftgknfrn0vwte6jxp6kzkktu5d7,221358302
neutron13c0uk57ljwnfl04ckprhqkshdv0n606mgqpgsz,221334902
neutron13zj9gavkgk6rjrx5z6rhfqyhjcrhuh9wug6au9,220142580
neutron1kyd8s4ymspz5s42pt6x7hshxlleawvcd2auzxt,217867682
neutron140zga3h52gvjd76xf0ml2y76slavjkjtgs82my,211416347
neutron1tvkzexrsz66kas3ht0xm6nh0qn6klsxwgwuz5p,210885153
neutron1v342z02ajcaqygsl27wt4jgz2zv07lzcp4x6hd,210000000
neutron10zjtx5tyanvzhlm003el8j2z643778x9hd04qc,209839669
neutron1u4qv5tkx93crxzgjgsrcp5s3k3fzd5m2t8e6jp,209000000
neutron1v37c3ej26yjaqmxy3d925u6dlfj9mzed0yjyv6,208570848
neutron1xkc3atj7vyjn7nu3tsqhuyhlfk3wp3ak7wu42l,207199567
neutron1p7ffqaelu8sppn80kdarvlg6hkcmwym6mz2m5t,206195316
neutron1kw5sldyvjhkemcgdgd3gvpz56twws3rwz58ku6,205053620
neutron1kuav5q233yp6hwdl046qpcp84mtwk022fdt7rl,204409459
neutron1h8tc02rzp7zg0s72r92xse0af9mvk04ydn2ccd,202580700
neutron1vfd9tzvlnnpwj04sl8xznr9wenvzczp5u6q2az,202245861
neutron1m4k850v90w8fn32u8fsdjgvrhw5xq840zjhf80,202212000
neutron1cj22wcrcuxd3uk0chytf9jayeuqr4mx06n8uwu,200909779
neutron1vyc9pwdhjwsmt6w3asp8yemr3hndh3t48n3anj,200436561
neutron12jpxdx6lsml93hsj96fp3y2x3yfrlvtn8q2n78,200159072
neutron1qy4ufk4zk6wglxalg2z35u8y8eqpn00ahl6pau,199454671
neutron12dzr7tr3fqqsctyczmeaty9p6ajek87ttc7r2d,198627669
neutron14t0kxd6hk4zdmxw5s3knlckxjlexx3wgq0w92m,197260273
neutron1fq46qsudt3x4k6ntqljldvsnkxf6e45drsh3t4,197260273
neutron1zrnreg0etnrrdrru7nfm5su7efaa6cwdzt327s,197260257
neutron1m6263u65x66w275pwetkhh0wzpu2x5v6h3vnys,195158790
neutron1ykzctva9q08xuvtl0mvl9ygnslvewda2c8wvu7,193544773
neutron1qv7r05wmdfye7ljygc7sw8pr0p2vflw7nwcgvh,193221838
neutron17593qqceld6d9c9tdvfvdawkvkdpv2jqwl5j4t,192932694
neutron1pfgg366ueh3caztdtx3r098520kt5pnk9yp0ry,192916988
neutron1vvznlggau9ryl0attz74aw7cxly5fxr6fzv990,190612755
neutron1dzyczkth9h0a8y3jqu7nh74x4nveyz49vrsmfa,189308712
neutron17ydc5fndk80973t2m63cxfrzds87uaef2fq3aj,188647434
neutron1skz5j2w4gz3k9z5nyzkx26cueel3kjjhtqcw0m,176902825
neutron1tpwjwhnp05u5u3fyn00cf2c0e3maga8p4caz7h,174982988
neutron14qkhjcy8550v6g62e8pes65zzln2w7fktfc5jv,172927330
neutron1mmjst7hqdt6eknluwkpwvktcj4ntxe5n3jrz8a,169101057
neutron1wczdgzkqgy0czxhnhnt5c4plftaarejfng73cd,167995999
neutron17kya0qgg6ha6l50d0dfgajht52mrhxke5u4zaf,166666667
neutron19s9870729lngap2kzls3dcyeu7a4m2tc5q87kz,164000000
neutron1xyl8h22ghp5xxu5swsdmdmykmulsf59dg7n29c,161753424
neutron1486r9am4dmh6fzh56nvn0xf84z8aca4em3hrzl,160940266
neutron1f58dx8fdr67wh674q075wjrchsuvv6qd3srt3v,160351664
neutron1wa8x393r2k0vdej26xspy5305yjsrtdu5r4uxm,157548480
neutron14u60juczlet7l40uw3y6pudyenafq7lwt7lz0c,156481313
neutron1lkypvjy7ss6wtlam4s6u7avlwtpzya4dydn8t4,155073008
neutron10aumzfvd2q6ngxxenpsudvwr3lt7p2taylrp5a,154682607
neutron1428ekar5n8r7fpv4vqjrppd2rdlpsjd3maysn5,150313808
neutron1q5h6hfjfa49xpranacjpznlywf4xt6n524fwfd,148194813
neutron1zdyr2g9vuvaw0hn9kcsfc3j0fq3m3phxwy0wey,147649719
neutron19jjc9085gdsym98p6tx678uaspn9dyu63fu970,146286804
neutron1mm28l0pll9z448fvlkt3kyw52jtm4ssjhn7vzu,146000000
neutron15mdnff9k2vyl7gtmldj2vcwp3sxa6n8d84ggsq,143902079
neutron15t9tj87ct5zj5hewrnr4tpl4fc5lmvrp2wk6lq,143331717
neutron1xxrpsc49lx5e7rx7d2atc5lc4au8eday0em3x4,142656053
neutron17rnz6yugr6zszsrtvhrqjlqmn78xw7n2ayrusa,135663950
neutron1t2q8amvz6ph3n3uh64zpu8jvln2fpf49dgr2d3,132799519
neutron154qqsazrw07q2n2qappcvfml35rta07t3lxdnm,130060122
neutron10epvmyj63ke03q3uru7fy8dhr7p7v2y5fe4x0v,126046606
neutron1n0arcudyx3gtt829qjn2yl3a9mllnrvq8nk9r0,125753424
neutron15ruf9etf4ecefdlff7z29dm4zh6nvlda4lwnp4,123879026
neutron10e0vrjx5r2fdkdu3s56gkgwusu56n49c67dd5a,123436882
neutron1ksqp8lx9gl5vu00adzas4kvgzrauv4eejvzryn,123287671
neutron1cjht47e2rt2x6y04cgtezx8dxglxah7tqkgwz9,123202233
neutron12t7s938g97g57sm3muwvtgy7s9cjtj0xn95349,122211249
neutron15p406ug6j5a2yv440de8nswdfr97rlqjj4qxn6,121827945
neutron1dd3rltkvx4f4rrfcng8ue7ylkthjq0gdr3au6h,121634951
neutron182xx6kldvwnv2qy8tmcaf0lvcfemh2drsjpf8q,121487967
neutron1h7z7537t8laydxck7e0z6vn9mzlcn9luc66mmq,120544633
neutron1qgqxf0nrncsvdwae2lj3jc585azug925ty3ck3,118411086
neutron1x2hw0qcx4ghlcvqntxgkxvfu87ghvfnh0zl2zh,117224257
neutron1gxu5zds747xaaq6uc03483n22dr4hsyazt3q8z,115049678
neutron1jgjfexv68q05zmxh6rprxr3as5f3da2a86dw53,114300466
neutron149qu59d840a47yunnagqf9572zwskse8xgmvg8,113845126
neutron1tvpaq7dmut3xg3sv4e5qk5cgd6nny7tzf5p9uj,112869086
neutron1ls8h32zhhh0spe93jndghtdhkf6hryrwf88mh6,111442480
neutron1pfd9uke5sg4zt5vpwhuat4s32jm6akpk0wd8az,110368753
neutron18fyla38sgczcvlqjxj53f7cmmzmrzvzglk08ts,110367128
neutron15htuk207yun697yefgv7nvsgfdncny8km0atge,108854778
neutron1wm56ksc2arrpvvgl70k78g08fg882w0zpt26tj,103970573
neutron10maww4mrlj23atuckhljzdt3zfwu70400apz03,101000000
neutron1wrmsmu5auezag4svdraf0ttyvvtnk79j5myd8a,100754903
neutron1mt57jn6snuypc2s3fuv9fqnfl64yawkfssyzfu,100694570
neutron1r28xxrlmrk0kpxy6xh4w6zn7nf9ajxdplfrsgf,98774324
neutron1cvjkqvdkdzqudwv29n2d26ry6gd6wv286wal57,97698694
neutron1yxw7a7f5qxnhchzyfu0gx2j5nrhhachmn763mt,97425159
neutron1s3cgfjsmyfajvfq3qvj92730rhft4kfjma6clu,96890197
neutron1vdalr89837pq09axe0yely3gsk3unvxculcjvs,95178082
neutron14p32amp5cdaq2t5cdacnsd92gcdykpdvk7wkxy,94349222
neutron1l8ettungellh8e4lhxa5x7zazqy3huw4yghmzk,89315746
neutron19qmwhpqttxfafhxrfz7w5zmydc0sg5jqktaqtl,87436367
neutron10j4u3eqxhtqwuurrryufymv39gsm28q34097ry,84357936
neutron1mlmkfgm2zw98k67djgqfjjf5ek2p6glp80gt3q,82849315
neutron1mhg6trnalr8nr7ds4q663am82aaqhl9mca3akp,82846312
neutron1lhstxu3k5k2n0gg6dlnz8ylhu5xn3ggg8zdj6v,80078630
neutron16clcrcts7jjlkjv0c63ppdlqzjgsrlhg83vjra,79053557
neutron1xrj704dp3mlrcnqv5dszz555smvt4sjhyk2jcw,77759141
neutron19hntfspn8cx0qlsn2h79tn5n3nrre5syjvkrjd,74931864
neutron1z5cdt5e95ncj525zeyeret652stum53xp05qpr,71557000
neutron16pe0krjekehppvcsftwld05anfgwm0dfxd2vzh,67706009
neutron1emaw86557r7cwf5tj2qp0m70zj6fvzz2s90265,65753260
neutron1ku2k4ttnyg3vrscnh9jmw78u7q00zwe079wqcf,59671232
neutron1xafs763ww475th6jex0vtevmrnjuquuh4v475m,59638869
neutron1w6me7hdtepv7cprkg000yv0sqsm3t6aj679ay9,59542224
neutron1x0fhmt4uc7jqqvqdf3qtxl9wvfh57fwd5u44pm,58279316
neutron1qhsxjxl77n8766glvznvcdaez5duz4m2fp2svt,58073002
neutron1luxl5gukllefrsktjx2d6s2v8h9q9w29teljs6,57957003
neutron18q20yyfrr7f3xu0mvms0x7p9wu5gqpj5jwsuxd,57683303
neutron1yrgrvmawrtvyzf7hhu2m3qchqm80k2gljvjhsn,56732396
neutron1t25hld42el72m2ujs5kmr82yuqnruxlsjhdcry,56503892
neutron1778m502870tlcfe8tlc9x2akvd3fnrur2ca4kd,56245100
neutron1ms2lz4c0ffq39fnhfg5llmu8h6nses3c3764ql,55685808
neutron1yv0m06j0mgfd07mnja4j34kg5s3arygarv8cfq,55521546
neutron1ywu2st6hgudcetmmg32k8xdkd0pwdpkr0dtjw0,54751538
neutron1dzzz8ema3rg22kd9mfa3hg8dypslsuljpjzwfr,54258091
neutron1y4j3p8p94rtf5xsa3pez9htqhck63yxr2mprum,54234885
neutron12vd650np4xwn3dz9jr6q2gg5d2td8yrfuqgpzf,53833842
neutron1gw5gykunazfhtgrkct3nupgyukxe0pvlppguyt,53333300
neutron15rt7lx0vnwy4dlef7vt06vsjrypsxnswlnfgxl,52980217
neutron1wr7ck6taekn3kekc8mgmpjthg90j48fsd98as0,52721739
neutron12nlsphe0gvw4f90cnxshnpt0uy8n5g0042kmn2,52448577
neutron1njrhxtmn4gy5m4g9c9ty3lfgv30rnepqhdth9u,52042359
neutron1zlqrsh97e9ym58vlalv98y9qedhpuafy94k7kj,51327348
neutron153wwsju7rl7t0vsmf7xpchra64zr0pauzmve4d,50000000
neutron1hvwxgz87fdsxa3xuejykrevvgxmc579kvq7czz,49989194
neutron1l6xpwzq5v4kyc8mfktn4g0freeav2w3y04erlp,49556003
neutron17wk8muuhrr638nkxh5uk4c62fh4s4w70r36syy,47952618
neutron10948cgxnv9xxnqx8ssnw8s7y9pw8kelwztuwdc,45606361
neutron1geavg830479pz8p9qzqspym2nrvnk3l33j4wk6,42447048
neutron1aguke87dzyss5d5p5pjh2uufqfapvkd00hpxxq,42446898
neutron1dnwvwt8m3htcw5hrx9armexhxvncc86ckzdet6,41163666
neutron1pat4adu3ezk46y62j087wyxdru38mpzr5l8vyr,41095890
neutron1q2v55aeeyl5uk4ac3wtd0x28v66epwu4hc3k4c,40834665
neutron17ec7msfvq7aahydf0zy0trppwp53qmtgvc3hfn,40185005
neutron1mwyrf7kj4chvdj78h24vxky988nq4spd3r7yd4,39490963
neutron1h3sfwr7nutywq7ze3v9rg97pk5x28h04vstnxf,39015872
neutron1quxp3jr5s88xtzradchnc02fhcawn953drg9u4,38808510
neutron1weynn0w7qj4rs87kj70v8reypmrg3upy6tvpp7,37848130
neutron1va73vpxl93742vwc4f22xrgllgedxf2svvgu5x,36715859
neutron1v83c0p07avgdggns3j400ltwktd8kww8lde24t,35479775
neutron15uex0vvxjq8nyp3h9ujckwa0jzcw6f3ms0z7yx,35430490
neutron15rxpxwnm8vacrf6pxqsf6u92hk5zvxh4q8jhxr,35172881
neutron1rn786463pj32lfnq50nv0gnzamjnwpqzf0ed7n,35065114
neutron1r6lghw5rce0azr0wxrg5hhn42j9s2pqzj9v9s5,34789717
neutron1qpgcpr5s44xqcw67fjkzaxr7ygrdrmp067j6e3,33892890
neutron102r9mpa7cz8apa3987xgaeaevz4v4z5mw8kwvk,33490577
neutron1hd2gy53k6vfvhpf0wz3djxhsdnyw22d9fjnr2d,33286734
neutron19kydxjmh6pfwsf87llxlkkmz29ft3dsmhaad28,29552618
neutron1xrj9hvrheluj5svvda7typzksw7uxut7kcyjxd,29164868
neutron1pgl62ctg4qjsvy3qetqda6wkq98npkrfst0gf4,28920920
neutron1pjm0cex4ygahu9azmt2wxhahtcwxrwq0mgs4y0,28444830
neutron15qnf6turgmunhkvxrx0skvgw3apcwdp8dgejkn,27751482
neutron1mfxqzdtjafka9yagcp97tamgu6waj6z4xuz3h2,27729676
neutron1vw5ns8kdggxvemm6dr9qxk04zhxmdguf4d6fk5,27221557
neutron12kj5stha4cyn4scr770azhrex9v06k08pf66ud,26666666
neutron1l6lpm56ad8sphezet40gswm07w0zrn5mdt5wty,26666666
neutron1wpy4rh8km90h53v9jhu4nugws8nees4eh6xprf,26666666
neutron1a6j9qnahqxdq77x0ek7drwr453h87uqxyfzpqm,26417535
neutron17ht4kjeh8kmcg7ax5uu0u3hmmkm3c8vms6qfs5,24271351
neutron1n4ef83zwtad84ft4q9zu72axkhh5a8z0r2tqpp,22718533
neutron14kh7h0tmg7qxfnnp7v8n354jdxdq0ld3yxdsnn,21246793
neutron124yefxwawsqd0rm7fq7ynv89vz05mjtgg82hal,20000000
neutron1s46040xwsgpe5fxh783ytr47mzzfr8ykt8ezxh,20000000
neutron1er78lqy8s0y9t6l3klezy57xhlp86tth5pasx4,19232876
neutron1rj0gyy277yuf0a7pe25kgv4zu8q2guvv6nakk2,18682009
neutron1p7wwlxyf73pc5fr4077hel9s049t72mmf2uxfn,18024627
neutron1zvlu0ew094e0r8eg4rwqsl07gqz6czxfdjh9c7,17700006
neutron1shzdv2ke6dhud0y6n0vf69ss8asxxptw7tcgha,17602712
neutron13q27ane8hvm48y2mkdly7vygeqkp5sqywrm694,16167404
neutron1cua62ztq3mjkwyx6l7698z5ekt37em7j2h84e7,16086910
neutron1vlpy6tkzz8zc5fv4mw94dhp4tshkpsqujxvgg3,15344698
neutron1h7kspslzx7xewtlmknqp6yy7rl82c9wves99j8,14588888
neutron14rv3m9wra09xfzl44j60te56qtxydz0kvc5z6w,13356050
neutron1542nv7jjnayxm0aq3mz6wxfnr9lk77narg4sak,13150684
neutron1ftugudew3qdmgflurw88jsfrwpncewg9a9shrg,12555571
neutron17nun6cg7a5xtu9fz2p8scxr7u9jmrf5vgt2udt,12349280
neutron1cpyc6twhv2st7kk6vnksxpmsytcr2aj37creuz,12340807
neutron13er6djw40xer2syx4qfw3fcl9fantzs36nw6v4,11811264
neutron1jdmfxzpnqqlhjsju3mz7qsgvvdparw5al2r672,11811264
neutron1df03rzsut04detdgeeqz0fsufqqllegvsxyhae,11000776
neutron1kq8yq7yjf74z2kgmpg33cvkv732lshrszyhrw0,10993556
neutron1lu6xl4dxgdvm26hx2tnrlvjwz2mvzqdqs8mjn3,10790960
neutron1ezqvp6aga74ms7jqrfwhrm7266sn2m50sf0pxp,10496880
neutron10deyq2lcqtmnmq6gk9wlctud9ju9fd4xqaaxs3,10000000
neutron16fhx36f29yx0qr2cta9vrdjcgcts4387qfhj3u,9222450
neutron1amam2hmjw85e9fxqx5mnj3dgaznudu8cczf6mq,9212219
neutron1cuquafw6r3w3esh3gydwctvkd3z8e72pwsm9tr,7870000
neutron1auakm36xpllgkgcq4nneml38pf9jjzyr2dv88k,7000000
neutron1shk2aw96fd6l7yvdr2td33rstey4j72cnm3tqt,6995873
neutron12a6zkwgrs5q4pfrcx7ful73lyv2855xfhsanuw,6858003
neutron1dldmnr83dtlft4gnexzqny30nnkxt9jc3spkms,6596991
neutron1csuynhrppwl4vmhj3ys3ttn4at2scdrdj3s0kh,6465446
neutron1ey79zet9as3f2cr408meqkxh0sv8ev3cjzg7ch,5046057
neutron1r5trk7akrgukgcvvf852kwzgzydmla3rfx9qxc,5000000
neutron1xnhff8fpr03svmz5z2tat25t37emk0x4629kt8,4711244
neutron1wjxsc3waj3wvfgtzw0sfxfqmdwrks936hfa7lp,4104733
neutron1e7xlc5pcvp5j98xvzadq0y6hp6js7k4cjf7px8,3715385
neutron1mr82ue642fg7rc4cgzayae60xgrv2p2p5gc3qt,3564448
neutron1vulkvr4v22yhlz87hahra8a307uz9ufe2qtgf8,3331400
neutron1lwrna9hj3awewqr8ryx2wlpdc2dcgq7asd5na9,2963344
neutron1ked30vpvxukcw5kzlwywqcy26rhhgfsvyf0cdd,2810593
neutron1yrnh6z3r3ala3e097zm7wvvjedzsm2hdu4045y,2167188
neutron1zf3f5xcsh34twg4ulf6h2d84qx3fwupcl0ulur,1496470
neutron1cyuh7yhhw05kxq4e6jdk3hpjnzkvhleg524tnq,1482473
neutron1fzavld3e8pppfhtksvrnvdx5aavgm40ll99y8q,1412430
neutron1k7cgwcjexnzureacrfc62q9p9xj0sy3646tsun,1191974
neutron1v62km3fs5x7wvz55hekduu39f0zc2ewl0ngry2,1180455
neutron1y2hnw8yq6t4623x9q23fu34jx7umzshj4hcmkg,1079148
neutron1004fzxae7cc38kdv2xe0t7jgf6w4enxj7s3546,1000000
neutron12kl9shum8jgey9tr98xg7pfmpepupcqu2hxf84,1000000
neutron1ja48qmqefpsk2n0x7gz4zkscmqn6d5vlhncngl,1000000
neutron1spdlml9r4g2ywc5t6699cjwdt9d8thyduw80jq,918069
neutron18vute0la945crxxn0wc3d2vkppdlv4xrlr0f2c,500000
neutron17hnqhdyhpt70tg3q6v727np4jwgvytxg0a8nyw,360000
neutron1aj020fx2g74m88635esn7zzs8r7fdulzecfhm7,100000
neutron1kfe7xsf8sav5rw3f254evnmww09efchmp3x0ev,2570